player_id,player_name_key,pred_2023,real_2023,error_2023,pred_2024,real_2024,error_2024,pred_2025,real_2025,error_2025
10155,Mike Trout,0.27760017,2.9437544,-2.6661544,0.26687205,0.923648,-0.65677595,0.08452214,1.7954856,-1.7109635
10200,Tucker Barnhart,-0.026105776,0.19651327,-0.22261904,0.002983436,-0.44626364,0.44924706,0.017541217,-0.023227049,0.040768266
10243,Randal Grichuk,-0.115161605,0.6230982,-0.7382598,0.020772949,1.5950795,-1.5743066,0.008533217,-0.42307165,0.43160486
10324,Marcell Ozuna,-0.022909403,3.1923633,-3.2152727,0.008184604,4.71924,-4.7110558,0.059043653,1.221868,-1.1628244
10472,Enrique Hernandez,-0.02843976,-1.1422255,1.1137857,0.054987997,0.6138782,-0.5588902,0.043954507,-0.15001878,0.19397329
10681,Gio Urshela,0.033043794,0.51462936,-0.48158556,0.121519774,0.67207146,-0.55055165,0.058361612,-0.3594263,0.4177879
10815,Jurickson Profar,0.081380315,-1.6010728,1.6824532,0.12833405,4.342125,-4.213791,0.09802585,1.2553216,-1.1572958
11442,Gary Sanchez,-0.059027307,1.6356933,-1.6947206,0.037251703,0.37440723,-0.33715552,0.032189503,-0.13129863,0.16348813
11445,Mark Canha,0.06042234,1.7336386,-1.6732163,0.13705751,0.8430248,-0.7059673,0.09626594,-0.65198666,0.74825263
11477,Christian Yelich,0.15509412,3.7709577,-3.6158636,0.15001348,3.019005,-2.8689916,0.13333048,2.4449337,-2.311603
11489,Michael A. Taylor,-0.04630276,1.8965397,-1.9428425,0.018471159,0.42227077,-0.40379962,0.045753658,-0.06677932,0.11253298
11493,Manny Machado,0.18294233,3.388048,-3.2051055,0.25788915,3.5286992,-3.2708101,0.09496496,3.7648091,-3.6698442
11579,Bryce Harper,0.23802772,3.4506254,-3.2125976,0.2186556,5.09795,-4.8792944,0.152204,3.4696374,-3.3174334
11609,Willson Contreras,0.083829425,2.7753701,-2.6915407,0.14592889,2.6606574,-2.5147285,0.083956726,2.761814,-2.6778574
11680,Elias Diaz,-0.05959149,-0.057594873,-0.0019966178,-0.015990756,0.47672728,-0.49271804,0.027414592,0.3728042,-0.3453896
11737,Nick Castellanos,-0.026055016,1.3003199,-1.3263749,0.08285658,0.24273688,-0.1598803,0.04746902,-0.57616895,0.623638
11739,J.T. Realmuto,0.06769306,2.02745,-1.959757,0.11492059,1.9598399,-1.8449193,0.10255763,2.0828993,-1.9803417
11899,Joc Pederson,0.0689765,0.74176735,-0.6727908,0.109953985,2.9885705,-2.8786166,0.059769653,-0.78121793,0.84098756
12037,Jon Berti,0.119942494,2.1975138,-2.0775714,0.012049101,0.26700336,-0.25495425,0.1903746,-0.43012324,0.6204978
12144,Max Kepler,0.05952739,2.677347,-2.6178195,0.0868555,0.9499952,-0.86313975,0.11008334,0.61158574,-0.5015024
12147,Nick Ahmed,-0.0142323,0.1087087,-0.122941,0.009995334,0.49386296,-0.48386762,0.057353146,-0.06914358,0.12649673
12155,Eddie Rosario,0.0050960705,1.3124988,-1.3074027,-0.032875426,-1.9854038,1.9525284,0.09096216,-0.091697276,0.18265943
12158,Austin Barnes,0.07244135,-0.69989073,0.7723321,0.025667816,0.49970165,-0.47403383,0.09823887,-0.26435286,0.36259174
12161,Xander Bogaerts,0.1334163,4.5969677,-4.4635515,0.23004304,2.0186076,-1.7885646,0.09013981,3.2240973,-3.1339574
12434,Kevin Pillar,-0.13551348,0.27406058,-0.40957406,-0.024553552,0.6501122,-0.67466575,-0.0038950425,-0.30714822,0.30325317
12533,Marcus Semien,0.01716771,6.4587116,-6.441544,0.09696266,4.2843103,-4.187348,0.10530633,2.1212454,-2.015939
12552,Eugenio Suarez,0.025239848,3.4768505,-3.4516106,0.14430779,3.849135,-3.704827,0.044471614,3.8027117,-3.7582402
12564,Trevor Story,0.106126286,0.34301803,-0.23689175,0.054757416,0.6592157,-0.6044583,0.15440251,3.017846,-2.8634436
12856,George Springer,0.10822838,1.8617963,-1.7535679,0.14017543,1.0565996,-0.91642416,0.10696586,5.202488,-5.095522
12859,James McCann,-0.059387524,0.2566818,-0.31606933,-0.015398558,0.15847,-0.17386857,0.029436061,0.7344745,-0.7050384
12916,Francisco Lindor,0.09976486,5.5055003,-5.4057355,0.18477048,7.7321296,-7.547359,0.09287218,6.2716174,-6.1787453
12927,Brandon Nimmo,0.16746965,4.161006,-3.9935362,0.25563544,2.7763765,-2.520741,0.08896957,3.0021222,-2.9131527
12976,Austin Hedges,-0.18733764,1.0459496,-1.2332872,-0.09622823,0.40614858,-0.5023768,-0.039535895,1.1881098,-1.2276456
12979,Javier Baez,-0.09083601,0.67756265,-0.76839864,0.009350523,-0.73836327,0.7477138,0.041742332,1.4283732,-1.3866309
13066,Teoscar Hernandez,0.07984128,1.9040385,-1.8241973,0.12603809,3.4163527,-3.2903147,0.08936629,0.6486357,-0.5592694
13145,Josh Bell,0.069802694,0.4170968,-0.3472941,0.19013019,-0.072746225,0.26287642,0.054260843,0.06270446,-0.008443616
13152,Jorge Polanco,0.09057214,1.3385757,-1.2480036,0.12364927,0.32082838,-0.19717911,0.094834045,2.635754,-2.54092
13185,Orlando Arcia,0.09830008,2.409493,-2.311193,0.0050177723,0.82182556,-0.8168078,0.09051155,-0.8500195,0.9405311
13301,Max Muncy,0.09466665,2.5344148,-2.439748,0.18361355,2.3018074,-2.1181939,0.095601425,2.9192116,-2.8236103
13324,Ildemaro Vargas,-0.0626156,0.56613004,-0.6287457,-0.069076955,0.0144544,-0.08353136,0.045227163,0.16189079,-0.11666363
13338,Omar Narvaez,0.009692855,0.026024012,-0.016331157,0.038618766,-1.00069,1.0393088,0.0534077,0.015330653,0.038077045
13355,Luke Maile,0.048644878,0.4551489,-0.40650403,-0.0137231015,-0.6902329,0.6765098,0.05161842,0.3136205,-0.26200208
13419,Christian Walker,0.015340492,3.8875551,-3.8722146,0.12771513,3.0523105,-2.9245954,0.056982107,1.1112553,-1.0542731
13510,Jose Ramirez,0.19810805,4.6159573,-4.417849,0.22692196,6.452328,-6.225406,0.13347463,6.297137,-6.163662
13590,Jesse Winker,0.13472435,-0.77774525,0.9124696,0.18596308,1.3839422,-1.1979792,0.11601104,-0.09198931,0.20800035
13611,Mookie Betts,0.18089557,7.5966053,-7.4157095,0.22637813,4.2966948,-4.070317,0.11552276,3.4140215,-3.2984986
13613,Ketel Marte,0.08736589,4.3344226,-4.2470565,0.12848254,6.318789,-6.1903067,0.100047566,4.59721,-4.4971623
13620,Carson Kelly,0.026315667,0.072849676,-0.04653401,0.021450505,1.7690707,-1.7476202,0.0714242,2.6281362,-2.556712
13621,Jeimer Candelario,0.0002616197,3.1846333,-3.1843717,0.09028077,-0.2578375,0.34811828,0.06648961,-0.6832725,0.74976206
13624,Corey Seager,0.11169828,6.3752556,-6.2635574,0.21286683,4.642943,-4.430076,0.0846879,4.0133853,-3.9286973
13675,Tyrone Taylor,0.034137167,1.0252758,-0.99113864,0.04458753,1.0021472,-0.95755965,0.092295684,0.7895001,-0.6972044
13723,Jacob Stallings,-0.026018053,-0.40574166,0.3797236,0.029268868,0.9075071,-0.87823826,0.026344674,-1.4538282,1.4801729
13755,Tomas Nido,0.0015077889,-0.5901645,0.5916723,-0.0036789998,0.12530638,-0.12898538,0.048249602,0.13640755,-0.08815795
13757,Chris Taylor,0.06902256,1.2418567,-1.1728342,0.084097,-0.5782404,0.6623374,0.095733486,-0.35651714,0.45225063
13768,Travis Jankowski,0.04285256,1.1028483,-1.0599958,-0.06565991,-0.24539343,0.17973351,0.05348234,-0.030289635,0.083771974
13770,Rob Refsnyder,0.12198419,0.42537537,-0.3033912,0.035566688,1.3526553,-1.3170886,0.04948818,0.99577236,-0.9462842
13897,Tyler Heineman,-0.038680602,0.42946228,-0.4681429,-0.06633403,0.09541268,-0.16174671,0.059311584,2.0601199,-2.0008082
14111,Eric Haase,-0.0337853,-1.0925872,1.0588019,0.007942952,0.23617706,-0.22823411,0.012091413,0.32425952,-0.31216812
14161,Byron Buxton,0.11788381,0.5227819,-0.4048981,0.097921565,3.6863177,-3.588396,0.1097893,5.017032,-4.907243
14162,Carlos Correa,0.12518284,1.7114214,-1.5862385,0.25279915,4.2165794,-3.9637804,0.056281537,2.6074474,-2.5511658
14221,Jorge Soler,0.031272657,1.865154,-1.8338814,0.045887113,1.0618299,-1.0159428,0.07741788,-0.33031863,0.4077365
14344,Matt Olson,0.07977057,6.6014214,-6.521651,0.23127736,2.6058288,-2.3745513,0.047728613,4.710015,-4.6622863
14551,Anthony Santander,-0.00883887,2.5204494,-2.5292883,0.09870888,3.2147307,-3.1160219,0.032637022,-0.945605,0.978242
14712,Manuel Margot,0.11007994,0.4900609,-0.37998095,0.04153061,-0.20858969,0.25012028,0.13542901,-0.14712779,0.2825568
14813,Kyle Farmer,-0.09507576,1.3962544,-1.4913301,0.046954073,0.5156737,-0.46871963,0.027116442,-1.0461862,1.0733026
14854,Mike Yastrzemski,0.028699465,1.714408,-1.6857085,0.12279631,1.7089374,-1.5861411,0.08662024,2.3499649,-2.2633445
14968,Victor Caratini,0.029068895,1.1535187,-1.1244497,0.019726627,1.8889065,-1.8691798,0.06519634,0.84808385,-0.7828875
15112,Ryan McMahon,0.04307867,1.7725533,-1.7294747,0.13664787,1.9078672,-1.7712194,0.06914018,1.9376804,-1.8685402
15161,Mitch Garver,0.088342585,2.2151845,-2.1268418,0.036622196,-0.38707164,0.42369384,0.08458235,-0.03522331,0.119805664
15172,Tim Anderson,0.08221989,-0.16944817,0.25166807,0.0712281,-1.4054089,1.476637,0.1354782,0.13024476,0.005233437
15223,Adam Frazier,-0.009772867,0.37986693,-0.3896398,0.09428957,-0.51994246,0.61423206,0.09592777,0.73428,-0.6383522
15271,Austin Wynns,-0.054741513,0.1405104,-0.19525191,-0.06398115,0.36488634,-0.4288675,0.019960562,0.95505357,-0.935093
15362,Jeff McNeil,0.069820024,2.3987918,-2.3289719,0.16802943,1.2565926,-1.0885632,0.07584693,2.1134322,-2.0375853
15429,Kris Bryant,0.14074534,-1.1651003,1.3058457,0.09488878,-0.7824116,0.8773004,0.101222135,-0.49473727,0.5959594
15464,Hunter Renfroe,-0.016239442,0.44593456,-0.462174,0.09776837,0.10211872,-0.0043503568,0.039962173,-0.94455636,0.9845185
15491,J.P. Crawford,0.057481833,4.903172,-4.8456903,0.16554168,1.6322603,-1.4667187,0.0659935,2.802189,-2.7361956
15518,Amed Rosario,0.028134488,0.38354608,-0.3554116,0.07790379,0.21791998,-0.14001618,0.10560306,0.44143754,-0.33583447
15640,Aaron Judge,0.3053622,4.7524257,-4.4470634,0.31244254,11.334959,-11.022516,0.080309145,10.126677,-10.046368
15653,Dominic Smith,0.054177262,-0.07480277,0.12898004,-0.0057262704,0.20621085,-0.21193713,0.07862228,0.38507342,-0.30645114
15654,Billy McKinney,-0.027384967,0.17764695,-0.20503192,-0.07612492,-0.039215058,-0.036909863,0.0043827724,-0.18451658,0.18889935
15674,Reese McGuire,-0.009734206,0.53233826,-0.5420725,-0.015254617,0.17918687,-0.19444148,0.013889072,0.7558437,-0.7419546
15679,Rowdy Tellez,0.011510864,-0.69076735,0.7022782,0.05915366,-0.43451592,0.49366957,0.05720131,0.06404375,-0.006842442
15711,Tyler O'Neill,0.086508,0.67505914,-0.58855116,0.059730977,2.5529742,-2.4932432,0.1292274,-0.3419424,0.4711698
15730,Tyler Wade,0.11342638,0.23903528,-0.12560889,-0.06321537,-0.3196086,0.25639322,0.13001509,-0.32416627,0.45418137
15878,Miguel Andujar,0.028876238,0.2702452,-0.24136895,-0.051663164,0.43402314,-0.4856863,0.06561288,1.100719,-1.0351061
15905,Luis Torrens,0.07099449,-0.066669576,0.13766406,-0.011132002,0.79101133,-0.80214334,0.06614511,1.5861363,-1.5199913
15986,Willy Adames,0.09552022,3.3909004,-3.29538,0.1569122,4.8423357,-4.6854234,0.10619942,4.0465446,-3.940345
15998,Cody Bellinger,-0.008435391,4.373071,-4.3815064,-0.013026934,2.0801916,-2.0932186,0.0964585,4.901848,-4.8053894
16153,Austin Slater,0.19024992,0.670884,-0.4806341,0.08948965,-0.17789464,0.2673843,0.14450304,0.021072345,0.1234307
16219,J.D. Davis,0.1673953,2.160924,-1.9935286,0.10684897,-0.4195646,0.52641356,0.09155295,-0.19107187,0.2826248
16252,Trea Turner,0.1417802,4.1277146,-3.9859345,0.1552004,3.859274,-3.7040734,0.13758478,6.6771126,-6.539528
16357,Pablo Reyes,0.096596725,0.5892036,-0.49260688,-0.037779458,-0.71945137,0.6816719,0.078622244,-0.36433762,0.44295987
16426,Thairo Estrada,0.07705536,3.4877498,-3.4106944,0.01835581,0.39592996,-0.37757415,0.11315645,-0.2517238,0.36488026
16442,Ryan O'Hearn,0.025889508,1.5284808,-1.5025913,-0.04461907,1.5752957,-1.6199148,0.0469582,3.0290163,-2.982058
16451,Luis Guillorme,0.18943316,-0.35153916,0.54097235,0.08714853,0.12744884,-0.04030031,0.11523299,-0.044902943,0.16013592
16478,Kyle Schwarber,0.11273926,0.88297594,-0.7702367,0.147405,3.3399112,-3.1925063,0.08986174,4.9258113,-4.8359494
16505,Matt Chapman,0.034749053,2.9455624,-2.9108133,0.17204452,5.4479938,-5.2759495,0.050324053,3.697954,-3.64763
16512,Isiah Kiner-Falefa,0.037042476,0.59249973,-0.55545723,0.024013057,2.0526419,-2.0286288,0.14615895,0.69926053,-0.5531016
16530,Mauricio Dubon,-0.004832916,1.7818924,-1.7867253,-0.05321608,1.108426,-1.1616421,0.07550936,2.2117615,-2.1362522
16535,Danny Jansen,0.1540823,1.9221156,-1.7680333,0.10313876,0.5514314,-0.44829267,0.12503146,1.2950323,-1.1700008
16556,Ozzie Albies,0.07299032,4.115776,-4.0427856,0.029365823,1.3097787,-1.2804129,0.12873483,1.3308902,-1.2021554
16572,Connor Joe,0.079597555,1.4477959,-1.3681983,0.033370517,0.5181709,-0.48480037,0.06954677,-0.77468127,0.844228
16578,Yandy Diaz,0.18191522,4.9806314,-4.798716,0.23814549,1.9237503,-1.6856048,0.097355455,2.879687,-2.7823317
16622,Luis Urias,0.07206104,0.012365332,0.059695706,0.11609751,0.19682615,-0.080728635,0.07547447,0.12027567,-0.044801198
16725,Jose Trevino,-0.08260815,0.7421781,-0.82478625,0.005105473,1.6650345,-1.659929,0.027786816,0.29739007,-0.26960325
16930,Jonah Heim,-0.038772523,4.038569,-4.0773416,0.012955196,-0.06301101,0.07596621,0.026730834,-0.48130766,0.50803846
16939,Lane Thomas,0.07524768,2.937726,-2.8624783,0.043976516,1.3760713,-1.3320948,0.108894214,-0.52178144,0.6306757
16947,Derek Hill,0.06041204,-0.1775497,0.23796174,-0.034299247,0.22996543,-0.26426467,0.048466578,0.66377676,-0.6153102
16953,Chadwick Tromp,0.18911394,-0.13606623,0.32518017,0.09782641,0.2771527,-0.17932628,0.00839041,-0.05234402,0.06073443
16997,Gleyber Torres,0.12163023,3.6522565,-3.5306263,0.0974617,1.8216472,-1.7241855,0.14754167,2.569586,-2.4220443
17022,Edmundo Sosa,0.07775458,1.0289139,-0.9511593,-0.00037424266,1.8680171,-1.8683913,0.103546254,1.6262065,-1.5226603
17027,Alex Verdugo,0.062057696,1.5483786,-1.4863209,0.14175369,0.600518,-0.4587643,0.09091209,-0.93270814,1.0236202
17128,Ramon Laureano,0.08227532,1.0736989,-0.99142355,0.012188777,0.8855817,-0.8733929,0.14591745,2.9642622,-2.8183448
17232,Yoan Moncada,0.048059992,1.1535149,-1.1054549,0.0877509,0.27587843,-0.18812753,0.08883413,0.71702355,-0.62818944
17273,Jorge Mateo,0.03804023,0.6258237,-0.58778346,-0.043706276,0.7562162,-0.7999225,0.123995245,-0.5231694,0.64716464
17338,Willi Castro,0.055692904,2.4525702,-2.3968773,-0.004091136,2.9212434,-2.9253345,0.12660606,0.5516015,-0.42499548
17350,Rafael Devers,0.10805806,3.5126243,-3.4045663,0.21676476,4.239408,-4.022643,0.061435267,3.3247912,-3.263356
17548,Taylor Ward,0.14464101,1.4299678,-1.2853267,0.1462115,2.828793,-2.6825814,0.08672135,2.9244223,-2.8377008
17620,Myles Straw,0.04163172,0.17292957,-0.13129786,0.021199875,0.018571401,0.0026284736,0.11633192,1.7992129,-1.682881
17678,Alex Bregman,0.16096479,4.382569,-4.221604,0.25776583,4.1562366,-3.8984709,0.080092825,3.5237846,-3.4436917
17696,Kevin Newman,0.0028427541,0.017527247,-0.014684493,-0.020127248,1.4309853,-1.4511126,0.07605485,-0.66590047,0.74195534
17901,Andrew Benintendi,0.117771514,-0.3473623,0.46513382,0.11311655,-0.13901795,0.2521345,0.10667142,0.1761717,-0.06950028
17907,Brendan Rodgers,-0.02614884,0.19681048,-0.22295932,0.059444472,0.7531252,-0.6936807,0.0035790578,-0.31737703,0.32095608
17919,Ian Happ,0.1128264,3.2503457,-3.1375194,0.17931242,3.5583842,-3.3790717,0.11058815,2.8085535,-2.6979654
17929,Cedric Mullins,0.10642747,1.8274944,-1.721067,0.081085,2.1290777,-2.0479927,0.16648726,1.3401694,-1.1736822
17954,Sam Hilliard,0.083378695,0.08236011,0.0010185838,-0.018784702,0.6780073,-0.696792,0.090017006,-0.009208256,0.09922526
17982,Ty France,0.05416464,1.2667892,-1.2126245,0.18184079,-0.8459399,1.0277807,0.0631453,0.89255714,-0.82941186
17988,Tyler Stephenson,0.2134755,-0.5645367,0.77801216,0.1048004,3.0592937,-2.9544933,0.1416574,1.1205485,-0.9788911
18015,Paul DeJong,-0.024031527,0.508732,-0.53276354,-0.02265872,1.776554,-1.7992127,0.042525455,0.16062608,-0.11810063
18030,Harrison Bader,0.08295039,0.88331765,-0.80036724,0.026262663,1.2354276,-1.209165,0.15943906,3.193331,-3.033892
18036,Jake Cronenworth,0.054541387,0.7568624,-0.702321,0.20307039,2.0655615,-1.8624911,0.075259365,2.9142878,-2.8390284
18042,Dylan Moore,0.16828156,0.5250979,-0.35681635,0.031101532,2.4072094,-2.376108,0.15819547,-0.10549195,0.26368743
18054,Sam Haggerty,0.13079461,0.13445011,-0.0036554933,-0.007742889,-0.22741579,0.21967289,0.11306572,0.19855483,-0.08548911
18067,Garrett Stubbs,0.05993042,-0.31458396,0.37451437,-0.03467233,0.31623048,-0.3509028,0.041034177,-0.029784942,0.07081912
18126,LaMonte Wade Jr.,0.09105434,1.8466673,-1.755613,0.02706974,1.3257048,-1.2986351,0.11162083,-1.5541552,1.665776
18171,Seth Brown,-0.08615703,-0.3821929,0.2960359,-0.017408624,-0.34573323,0.32832462,-0.005592564,-0.3624523,0.35685974
18314,Dansby Swanson,0.06511741,4.8272815,-4.762164,0.15385787,4.216356,-4.062498,0.085021526,3.3413672,-3.2563457
18345,Kyle Tucker,0.17690834,4.9088554,-4.731947,0.16581303,4.20876,-4.042947,0.17513974,4.5027285,-4.3275886
18360,Austin Riley,0.096914716,5.1583514,-5.0614367,0.24347018,2.3952637,-2.1517935,0.027523385,1.6585945,-1.6310711
18363,Victor Robles,0.03018137,0.28531232,-0.25513095,-0.058505617,3.1314085,-3.189914,0.10630572,-0.20743778,0.3137435
18373,Ryan Mountcastle,0.03375969,1.6050586,-1.5712988,0.083648145,1.4323527,-1.3487046,0.08624991,-0.37161413,0.45786405
18401,Ronald Acuna Jr.,0.2230064,9.153116,-8.93011,0.112926856,0.9434615,-0.83053464,0.2443446,3.5057416,-3.261397
18564,Trent Grisham,0.068942316,1.6829448,-1.6140025,0.08231595,0.52290714,-0.4405912,0.12760602,3.1581519,-3.030546
18568,Luis Arraez,0.13394752,3.3766134,-3.2426658,0.17476419,1.1162783,-0.94151413,0.08298093,0.88589996,-0.80291903
18577,Ke'Bryan Hayes,0.13372084,3.2044165,-3.0706956,0.089681774,0.10907712,-0.019395344,0.16194572,1.3883376,-1.2263919
18795,Ramon Urias,0.09992079,0.65116113,-0.5512403,0.09391165,0.8949626,-0.80105096,0.097845495,1.0844879,-0.9866424
18839,Josh Naylor,0.06331686,2.6557136,-2.5923967,0.04417602,2.2654476,-2.2212715,0.087723985,3.1475515,-3.0598276
18882,Brandon Lowe,0.10618586,2.8525276,-2.7463417,0.09478548,2.2402275,-2.145442,0.13217402,1.7470518,-1.6148778
18900,Leody Taveras,0.11101108,2.5276668,-2.4166558,-0.027087718,1.1938248,-1.2209125,0.11273877,-0.78215504,0.8948938
19197,Will Smith,0.14786145,3.7994063,-3.6515448,0.23914327,2.6100183,-2.370875,0.10141521,4.140783,-4.0393677
19198,Yuli Gurriel,-0.123350866,-0.35933587,0.23598501,0.02878581,-0.044596728,0.07338254,0.058939733,-0.42181835,0.48075807
19238,Lourdes Gurriel Jr.,0.056544013,1.999594,-1.9430499,0.12023558,2.1288996,-2.008664,0.077355444,0.7603742,-0.68301874
19251,Pete Alonso,0.084640525,2.800815,-2.7161746,0.20559298,2.059341,-1.853748,0.044400454,3.587509,-3.5431085
19252,Cavan Biggio,0.15062106,0.89665014,-0.7460291,0.06715652,0.10575552,-0.038599,0.12862188,-0.2268762,0.35549808
19260,Jake Fraley,0.18232396,1.1472113,-0.9648874,0.04843115,0.99602115,-0.94759,0.14661685,0.2987658,-0.15214896
19262,Garrett Hampson,0.07467317,0.60217124,-0.52749807,-0.037213344,0.48636943,-0.52358276,0.12306602,-0.24113947,0.36420548
19287,Adolis Garcia,-0.06353764,4.662729,-4.7262664,-0.03824662,-0.13975957,0.10151295,0.037195213,0.74572146,-0.70852625
19290,Randy Arozarena,0.15888897,3.0843482,-2.9254591,0.087287605,1.9820536,-1.8947661,0.20339687,2.891427,-2.6880302
19318,Matt Thaiss,0.14237556,0.465485,-0.32310945,-0.037826683,-0.14860007,0.110773385,0.07213713,0.64909226,-0.57695514
19326,Bryan Reynolds,0.09797657,2.1337843,-2.0358076,0.20113395,2.1690953,-1.9679613,0.081797265,1.0826758,-1.0008786
19339,Nicky Lopez,0.02021841,1.1488533,-1.1286349,0.027798995,0.8941959,-0.8663969,0.10139851,-0.25596538,0.35736388
19346,Eli White,0.053707324,-0.10886228,0.16256961,-0.031941477,0.27102005,-0.30296153,0.048642322,0.6729038,-0.62426144
19352,Sean Murphy,0.08214659,4.9529724,-4.870826,0.2050441,0.8364661,-0.631422,0.065412365,2.016192,-1.9507796
19363,Austin Hays,0.0012206286,2.6831577,-2.681937,0.08312161,0.16626866,-0.08314705,0.062439144,1.2399063,-1.1774671
19392,Zach McKinstry,0.07970468,1.1140283,-1.0343237,-0.001097396,1.0097672,-1.0108646,0.0880593,3.1644213,-3.0763621
19470,Tommy Edman,0.077044554,2.4071617,-2.3301172,0.07464528,0.8237667,-0.7491214,0.1300352,1.1999093,-1.0698742
19514,Andrew Knizner,0.015059501,0.02908244,-0.014022939,-0.051533893,-0.606903,0.55536914,0.03340403,0.2131698,-0.17976576
19556,Yordan Alvarez,0.20518577,4.2956204,-4.0904346,0.28456533,5.2071066,-4.922541,0.066390134,0.545643,-0.47925285
19566,Nathaniel Lowe,0.14344537,2.7798014,-2.6363559,0.2099516,2.923965,-2.7140133,0.09510572,-0.3469055,0.44201124
19610,Keibert Ruiz,0.11492219,-0.5403601,0.65528226,0.015734993,-0.30646235,0.32219735,0.11407168,-1.0222907,1.1363624
19611,Vladimir Guerrero Jr.,0.08688068,1.2378868,-1.1510061,0.19319652,5.3200245,-5.126828,0.0808575,3.8884525,-3.807595
19612,Bo Bichette,0.12219616,3.8779387,-3.7557425,0.15014203,0.28996602,-0.13982399,0.12704794,3.8218014,-3.6947534
19627,Brent Rooker,0.026713155,2.082238,-2.0555248,-0.027048524,5.111493,-5.1385417,0.028881414,2.4127743,-2.383893
19734,Josh Rojas,0.112934,0.9793889,-0.8664549,0.07235265,1.8931714,-1.8208188,0.11872597,-1.2936405,1.4123665
19755,Shohei Ohtani,0.17170689,6.5837374,-6.4120307,0.18612029,8.948559,-8.762439,0.12787874,7.4801106,-7.352232
19844,Abraham Toro,-0.03232768,0.24912485,-0.28145254,-0.06548203,0.6958822,-0.7613642,0.05246841,-0.6776775,0.73014593
19858,Luis Rengifo,-0.011939973,1.6952732,-1.7072132,-0.03049532,1.4877788,-1.5182741,0.055636026,0.017645925,0.0379901
19892,Pavin Smith,0.09780174,-0.703491,0.8012927,0.029745065,0.9256875,-0.89594245,0.1087707,0.6963732,-0.5876025
19913,Jesus Sanchez,0.02953408,1.3951291,-1.365595,-0.0040206313,1.6041456,-1.6081662,0.05271242,1.0363811,-0.9836687
19918,Daulton Varsho,0.09920836,1.9098891,-1.8106807,0.08960812,3.146697,-3.0570889,0.12429011,2.2068145,-2.0825243
19950,Andres Gimenez,0.1471684,3.7957249,-3.6485565,0.092626035,2.7601974,-2.6675713,0.105919056,1.0367041,-0.930785
19956,Mickey Moniak,0.04106594,1.830995,-1.789929,-0.07601429,0.12657419,-0.20258847,0.021664618,0.63083,-0.6091654
19966,Bobby Dalbec,0.042761482,-0.22670513,0.2694666,0.02836825,-0.682105,0.71047324,0.08412143,0.070157066,0.013964362
19997,Santiago Espinal,0.10497468,-0.051876023,0.1568507,0.08106503,0.0285569,0.05250813,0.10250578,-0.32155418,0.42405996
20036,Isaac Paredes,0.0893605,4.198543,-4.1091824,0.040088184,3.3624775,-3.3223894,0.07554128,2.4950018,-2.4194605
20043,Luis Robert Jr.,0.14967507,4.930734,-4.7810593,0.070202544,0.5545662,-0.48436368,0.1691757,1.2791691,-1.1099933
20123,Juan Soto,0.24237466,6.1809754,-5.9386005,0.3111018,8.290404,-7.9793024,0.14883755,5.8054934,-5.656656
20126,Dylan Carlson,0.059503756,0.078845866,-0.01934211,0.083761275,-1.0943367,1.178098,0.079266906,-0.35807827,0.43734518
20220,Jo Adell,0.072590195,0.19804417,-0.12545398,-0.038746037,0.120126195,-0.15887223,0.06872727,1.2281097,-1.1593825
20391,Luis Garcia Jr.,0.09374469,0.49298885,-0.39924416,-0.012535248,3.0189466,-3.031482,0.091965705,0.7309329,-0.63896716
20454,Jazz Chisholm Jr.,0.16139576,1.9283669,-1.7669711,0.04176397,4.0030756,-3.9613116,0.16059294,4.384202,-4.223609
20503,William Contreras,0.16935596,5.8158026,-5.6464467,0.08917199,5.4886518,-5.39948,0.12253733,3.648754,-3.5262165
21479,Nico Hoerner,0.14634973,4.5267816,-4.3804317,0.07058783,3.890408,-3.8198202,0.1456719,4.7993555,-4.6536837
21524,Joey Bart,0.0741184,-0.024164138,0.09828254,-0.007864013,1.327046,-1.33491,0.055527665,1.3152868,-1.2597591
21618,Alec Bohm,0.056158267,1.3762159,-1.3200576,0.08509445,3.4354987,-3.3504043,0.08409902,1.7390229,-1.6549238
22217,Luis Campusano,0.044139065,1.0369674,-0.9928283,-0.05993314,-0.465779,0.40584588,0.042495504,-0.3551352,0.3976307
22581,Alejandro Kirk,0.15752468,2.2639537,-2.106429,0.15971266,2.7524626,-2.59275,0.07906195,4.6743383,-4.5952764
2396,Carlos Santana,-0.0031114668,1.518937,-1.5220485,0.06371303,2.9242456,-2.8605325,0.138933,0.29933482,-0.16040182
24618,Ryan Jeffers,0.0876191,2.2547352,-2.1671162,0.027497053,1.5599917,-1.5324947,0.0822165,2.0654726,-1.9832561
2967,Tommy Pham,-0.0068577006,1.9341899,-1.9410477,0.042123653,-0.06297998,0.105103634,0.086852975,0.1569275,-0.07007452
4940,Jason Heyward,0.014434062,2.2181506,-2.2037165,-0.017046716,0.8404003,-0.85744697,0.07441963,-0.52539605,0.59981567
4949,Giancarlo Stanton,0.06786551,-0.56615746,0.63402295,0.10971214,0.83651626,-0.72680414,0.08805869,1.9286264,-1.8405677
5235,Justin Turner,-0.022916257,1.175538,-1.1984541,0.07961945,1.1548908,-1.0752714,0.12680346,-0.28507358,0.41187704
5361,Freddie Freeman,0.20019332,7.6977863,-7.497593,0.2879433,3.9501572,-3.6622138,0.10400378,3.893361,-3.7893574
5417,Jose Altuve,0.11478468,4.0602274,-3.9454427,0.17616786,3.857912,-3.681744,0.08518157,2.1349149,-2.0497334
5517,Kyle Higashioka,-0.11613386,1.3665962,-1.48273,-0.026190415,1.5626136,-1.588804,0.030139508,0.9783898,-0.9482503
5827,Wilmer Flores,-0.0058492124,2.3012478,-2.307097,0.11989045,-0.6576432,0.77753365,0.057837397,-0.2291672,0.2870046
6887,Martin Maldonado,-0.15083487,-0.88057137,0.7297365,-0.018138528,-1.505755,1.4876164,0.026256496,-0.7764283,0.8026848
7304,Salvador Perez,-0.11612942,-0.2707296,0.15460017,0.040786393,3.2818933,-3.2411067,0.0073618647,0.5290896,-0.52172774
7739,Travis d'Arnaud,-0.045610495,0.7104835,-0.756094,0.04553403,1.8478363,-1.8023022,0.054828286,-0.31247848,0.36730677
7802,Miguel Rojas,-0.056350283,0.5704386,-0.6267889,0.042409234,2.767467,-2.7250578,0.103401385,1.7208984,-1.617497
8623,Donovan Solano,0.013278723,1.1072818,-1.0940031,0.048773743,0.7782828,-0.72950906,0.031505242,-0.03561289,0.06711813
9218,Paul Goldschmidt,0.18176228,3.4136865,-3.2319243,0.22161697,1.1537209,-0.9321039,0.09908706,0.7841949,-0.6851078
9241,Starling Marte,0.071231864,-0.27862698,0.34985885,0.051917046,0.59719044,-0.5452734,0.14110726,0.6797385,-0.53863126
9774,Christian Vazquez,-0.009439468,0.8462265,-0.855666,0.05830151,0.73288506,-0.67458355,0.06503469,0.2629136,-0.19787893
9777,Nolan Arenado,0.030043773,2.746325,-2.7162812,0.18110295,3.184106,-3.0030031,0.08272961,0.8554652,-0.7727356
9847,Andrew McCutchen,-0.017273933,1.3179493,-1.3352232,0.057199866,0.5078341,-0.4506342,0.09935865,-0.12392862,0.22328727
9874,DJ LeMahieu,0.08258175,1.2721869,-1.1896051,0.15725721,-0.46355498,0.6208122,0.11313227,0.25052357,-0.1373913
