query_player_id,query_name,query_position,query_age,query_fa,rec_1_player_id,rec_1_name,rec_1_position,rec_1_age,rec_1_similarity,rec_2_player_id,rec_2_name,rec_2_position,rec_2_age,rec_2_similarity,rec_3_player_id,rec_3_name,rec_3_position,rec_3_age,rec_3_similarity
134181,Adrian Beltré,3B,39,0,592178.0,Kris Bryant,3B,30.0,0.6471461653709412,,,,,,,,,,
400085,Ichiro Suzuki,OF,45,0,607680.0,Kevin Pillar,OF,33.0,0.7405495643615723,624585.0,Jorge Soler,OF,30.0,0.4488602578639984,592206.0,Nick Castellanos,OF,30.0,0.32799047231674194
400121,Victor Martinez,DH,39,0,457705.0,Andrew McCutchen,DH,35.0,0.4606074392795563,516782.0,Starling Marte,DH,33.0,0.3349890112876892,,,,,
400284,Chase Utley,2B,39,0,456781.0,Donovan Solano,2B,34.0,0.5615853667259216,,,,,,,,,,
405395,Albert Pujols,DH,42,0,457705.0,Andrew McCutchen,DH,35.0,0.631120502948761,516782.0,Starling Marte,DH,33.0,0.5098371505737305,,,,,
407812,Matt Holliday,INF,38,0,502054.0,Tommy Pham,INF,34.0,0.7930504083633423,656941.0,Kyle Schwarber,INF,29.0,0.7892624139785767,592626.0,Joc Pederson,INF,30.0,0.7380166053771973
408045,Joe Mauer,1B,35,0,518692.0,Freddie Freeman,1B,32.0,0.6238710284233093,,,,,,,,,,
408234,Miguel Cabrera,DH,39,0,457705.0,Andrew McCutchen,DH,35.0,0.7257070541381836,516782.0,Starling Marte,DH,33.0,0.4992449879646301,,,,,
408236,Adrián González,1B,36,0,518692.0,Freddie Freeman,1B,32.0,0.41971835494041443,,,,,,,,,,
408252,Brandon Phillips,2B,37,0,456781.0,Donovan Solano,2B,34.0,0.7103416919708252,,,,,,,,,,
408314,José Reyes,SS,35,0,595879.0,Javier Báez,SS,29.0,0.29449036717414856,543760.0,Marcus Semien,SS,31.0,0.24403494596481323,621043.0,Carlos Correa,SS,27.0,0.24236701428890228
425772,Jeff Mathis,C,38,0,,,,,,,,,,,,,,,
425783,Shin-Soo Choo,DH,37,0,457705.0,Andrew McCutchen,DH,35.0,0.7368497848510742,516782.0,Starling Marte,DH,33.0,0.5783519148826599,,,,,
425784,René Rivera,C,37,0,,,,,,,,,,,,,,,
425877,Yadier Molina,C,39,0,,,,,,,,,,,,,,,
429664,Robinson Canó,2B,39,0,456781.0,Donovan Solano,2B,34.0,0.7190432548522949,,,,,,,,,,
429665,Edwin Encarnación,1B,37,0,518692.0,Freddie Freeman,1B,32.0,0.8746574521064758,,,,,,,,,,
430832,José Bautista,OF,37,0,624585.0,Jorge Soler,OF,30.0,0.876975417137146,592206.0,Nick Castellanos,OF,30.0,0.711332380771637,607680.0,Kevin Pillar,OF,33.0,0.6738543510437012
430945,Adam Jones,OF,33,0,592206.0,Nick Castellanos,OF,30.0,0.9747471809387207,624585.0,Jorge Soler,OF,30.0,0.8812832236289978,607680.0,Kevin Pillar,OF,33.0,0.6368436217308044
431145,Russell Martin,C,36,0,,,,,,,,,,,,,,,
431151,David Wright,3B,35,0,592178.0,Kris Bryant,3B,30.0,0.4080101251602173,,,,,,,,,,
434158,Curtis Granderson,INF,38,0,502054.0,Tommy Pham,INF,34.0,0.7406484484672546,592626.0,Joc Pederson,INF,30.0,0.7164837718009949,656941.0,Kyle Schwarber,INF,29.0,0.6573301553726196
434658,Rajai Davis,OF,38,0,607680.0,Kevin Pillar,OF,33.0,0.8494929075241089,624585.0,Jorge Soler,OF,30.0,0.387491911649704,592206.0,Nick Castellanos,OF,30.0,0.37947162985801697
434670,Hanley Ramirez,INF,35,0,502054.0,Tommy Pham,INF,34.0,0.636693000793457,621035.0,Chris Taylor,INF,31.0,0.4862704277038574,592192.0,Mark Canha,INF,33.0,0.4073741137981415
434778,Kendrys Morales,DH,36,0,457705.0,Andrew McCutchen,DH,35.0,0.695848286151886,516782.0,Starling Marte,DH,33.0,0.415593683719635,,,,,
435062,Howie Kendrick,INF,36,0,502054.0,Tommy Pham,INF,34.0,0.826392412185669,621035.0,Chris Taylor,INF,31.0,0.6761466264724731,592192.0,Mark Canha,INF,33.0,0.6665332317352295
435064,Bobby Wilson,C,36,0,,,,,,,,,,,,,,,
435079,Ian Kinsler,2B,37,0,456781.0,Donovan Solano,2B,34.0,0.6995855569839478,,,,,,,,,,
435263,Brian McCann,C,35,0,,,,,,,,,,,,,,,
435522,Neil Walker,1B,34,0,518692.0,Freddie Freeman,1B,32.0,0.26199373602867126,,,,,,,,,,
435559,Kurt Suzuki,C,38,0,,,,,,,,,,,,,,,
435622,Ian Desmond,OF,33,0,592206.0,Nick Castellanos,OF,30.0,0.9809598922729492,624585.0,Jorge Soler,OF,30.0,0.915468692779541,607680.0,Kevin Pillar,OF,33.0,0.6042327284812927
443558,Nelson Cruz,DH,41,0,516782.0,Starling Marte,DH,33.0,0.8049727082252502,457705.0,Andrew McCutchen,DH,35.0,0.5934632420539856,,,,,
444432,Mark Trumbo,DH,33,0,457705.0,Andrew McCutchen,DH,35.0,0.5764654874801636,516782.0,Starling Marte,DH,33.0,0.35009002685546875,,,,,
444482,David Peralta,INF,34,0,592192.0,Mark Canha,INF,33.0,0.9228283762931824,502054.0,Tommy Pham,INF,34.0,0.9106277823448181,621035.0,Chris Taylor,INF,31.0,0.9053849577903748
444489,Manny Piña,C,35,0,,,,,,,,,,,,,,,
444876,Alcides Escobar,SS,35,0,595879.0,Javier Báez,SS,29.0,0.4587225317955017,608369.0,Corey Seager,SS,28.0,0.4447825253009796,543760.0,Marcus Semien,SS,31.0,0.40695440769195557
445055,Jon Jay,OF,36,0,607680.0,Kevin Pillar,OF,33.0,0.7732474207878113,592206.0,Nick Castellanos,OF,30.0,0.2800666093826294,624585.0,Jorge Soler,OF,30.0,0.24819865822792053
445988,Martín Prado,3B,35,0,592178.0,Kris Bryant,3B,30.0,0.24749498069286346,,,,,,,,,,
446192,Adam Moore,C,34,0,,,,,,,,,,,,,,,
446263,Lucas Duda,1B,33,0,518692.0,Freddie Freeman,1B,32.0,0.6484376192092896,,,,,,,,,,
446308,Matt Wieters,C,34,0,,,,,,,,,,,,,,,
446334,Evan Longoria,3B,36,0,592178.0,Kris Bryant,3B,30.0,0.5323869585990906,,,,,,,,,,
446359,Zack Cozart,3B,33,0,592178.0,Kris Bryant,3B,30.0,0.3736395537853241,,,,,,,,,,
446386,Brandon Guyer,OF,32,0,607680.0,Kevin Pillar,OF,33.0,0.9271360635757446,624585.0,Jorge Soler,OF,30.0,0.5476065278053284,592206.0,Nick Castellanos,OF,30.0,0.5106138586997986
446481,Sean Rodríguez,2B,35,0,456781.0,Donovan Solano,2B,34.0,0.5340249538421631,,,,,,,,,,
446653,Jose Lobatón,C,36,0,,,,,,,,,,,,,,,
448602,Mark Reynolds,1B,35,0,518692.0,Freddie Freeman,1B,32.0,0.5652849078178406,,,,,,,,,,
448801,Chris Davis,1B,34,0,518692.0,Freddie Freeman,1B,32.0,0.472819447517395,,,,,,,,,,
450314,Ben Zobrist,2B,38,0,456781.0,Donovan Solano,2B,34.0,0.7734436988830566,,,,,,,,,,
451594,Dexter Fowler,OF,35,0,607680.0,Kevin Pillar,OF,33.0,0.8202089667320251,592206.0,Nick Castellanos,OF,30.0,0.604407787322998,624585.0,Jorge Soler,OF,30.0,0.6034209132194519
452095,Tyler Flowers,C,34,0,,,,,,,,,,,,,,,
452104,Chase Headley,3B,34,0,592178.0,Kris Bryant,3B,30.0,0.4268870949745178,,,,,,,,,,
452254,Hunter Pence,OF,37,0,607680.0,Kevin Pillar,OF,33.0,0.746709942817688,624585.0,Jorge Soler,OF,30.0,0.47724729776382446,592206.0,Nick Castellanos,OF,30.0,0.32759222388267517
452655,Denard Span,OF,34,0,607680.0,Kevin Pillar,OF,33.0,0.6811963319778442,624585.0,Jorge Soler,OF,30.0,0.6026391983032227,592206.0,Nick Castellanos,OF,30.0,0.5629246830940247
452678,Asdrúbal Cabrera,3B,35,0,592178.0,Kris Bryant,3B,30.0,0.6354308724403381,,,,,,,,,,
453064,Troy Tulowitzki,SS,34,0,543760.0,Marcus Semien,SS,31.0,0.7375532984733582,595879.0,Javier Báez,SS,29.0,0.7331758737564087,596115.0,Trevor Story,SS,29.0,0.7141658067703247
453203,Shane Robinson,OF,33,0,607680.0,Kevin Pillar,OF,33.0,0.731117308139801,624585.0,Jorge Soler,OF,30.0,0.3058965504169464,592206.0,Nick Castellanos,OF,30.0,0.2496889978647232
453568,Charlie Blackmon,DH,35,0,516782.0,Starling Marte,DH,33.0,0.8960363268852234,457705.0,Andrew McCutchen,DH,35.0,0.791512131690979,,,,,
453923,Grégor Blanco,OF,34,0,607680.0,Kevin Pillar,OF,33.0,0.811984658241272,624585.0,Jorge Soler,OF,30.0,0.3205494284629822,592206.0,Nick Castellanos,OF,30.0,0.21345478296279907
453943,Todd Frazier,3B,35,0,592178.0,Kris Bryant,3B,30.0,0.24011041224002838,,,,,,,,,,
454560,A.J. Ellis,C,37,0,,,,,,,,,,,,,,,
455104,Chris Iannetta,C,36,0,,,,,,,,,,,,,,,
455117,Martín Maldonado,C,35,0,,,,,,,,,,,,,,,
455139,Robinson Chirinos,C,38,0,,,,,,,,,,,,,,,
455755,Chris Stewart,C,36,0,,,,,,,,,,,,,,,
455759,Chris Young,INF,34,0,502054.0,Tommy Pham,INF,34.0,0.3971894681453705,621035.0,Chris Taylor,INF,31.0,0.35068175196647644,592192.0,Mark Canha,INF,33.0,0.22808262705802917
455976,Nick Markakis,OF,36,0,607680.0,Kevin Pillar,OF,33.0,0.6528688669204712,624585.0,Jorge Soler,OF,30.0,0.5999522805213928,592206.0,Nick Castellanos,OF,30.0,0.49234843254089355
456030,Dustin Pedroia,2B,35,0,456781.0,Donovan Solano,2B,34.0,0.6991446018218994,,,,,,,,,,
456078,Welington Castillo,C,32,0,,,,,,,,,,,,,,,
456124,Erik Kratz,C,40,0,,,,,,,,,,,,,,,
456488,Eduardo Núñez,2B,33,0,456781.0,Donovan Solano,2B,34.0,0.6927969455718994,,,,,,,,,,
456665,Steve Pearce,1B,36,0,518692.0,Freddie Freeman,1B,32.0,0.4994112551212311,,,,,,,,,,
456715,Lorenzo Cain,OF,36,0,607680.0,Kevin Pillar,OF,33.0,0.7077193260192871,592206.0,Nick Castellanos,OF,30.0,0.490756094455719,624585.0,Jorge Soler,OF,30.0,0.40900105237960815
456781,Donovan Solano,2B,34,1,,,,,,,,,,,,,,,
457454,Jarrod Saltalamacchia,C,33,0,,,,,,,,,,,,,,,
457705,Andrew McCutchen,DH,35,1,516782.0,Starling Marte,DH,33.0,0.7423983216285706,,,,,,,,,,
457706,Austin Jackson,OF,31,0,607680.0,Kevin Pillar,OF,33.0,0.8192920088768005,624585.0,Jorge Soler,OF,30.0,0.5164846777915955,592206.0,Nick Castellanos,OF,30.0,0.5127285122871399
457708,Justin Upton,OF,34,0,607680.0,Kevin Pillar,OF,33.0,0.7694995403289795,624585.0,Jorge Soler,OF,30.0,0.5081544518470764,592206.0,Nick Castellanos,OF,30.0,0.3388546407222748
457727,Cameron Maybin,INF,34,0,502054.0,Tommy Pham,INF,34.0,0.5721046924591064,621035.0,Chris Taylor,INF,31.0,0.4637288749217987,592192.0,Mark Canha,INF,33.0,0.42939063906669617
457759,Justin Turner,1B,37,0,518692.0,Freddie Freeman,1B,32.0,0.91727215051651,,,,,,,,,,
457763,Buster Posey,C,34,0,,,,,,,,,,,,,,,
457803,Jay Bruce,OF,34,0,624585.0,Jorge Soler,OF,30.0,0.7358959913253784,607680.0,Kevin Pillar,OF,33.0,0.6596071720123291,592206.0,Nick Castellanos,OF,30.0,0.5589245557785034
458015,Joey Votto,1B,38,0,518692.0,Freddie Freeman,1B,32.0,0.7636668682098389,,,,,,,,,,
458675,Colby Rasmus,INF,31,0,592626.0,Joc Pederson,INF,30.0,0.6376811265945435,656941.0,Kyle Schwarber,INF,29.0,0.6218944787979126,502054.0,Tommy Pham,INF,34.0,0.602746844291687
458731,Brett Gardner,INF,37,0,502054.0,Tommy Pham,INF,34.0,0.9039801359176636,592626.0,Joc Pederson,INF,30.0,0.8893645405769348,592696.0,Eddie Rosario,INF,30.0,0.8568020462989807
458913,Eric Young Jr.,INF,33,0,592626.0,Joc Pederson,INF,30.0,0.5754764676094055,502054.0,Tommy Pham,INF,34.0,0.5685986280441284,592696.0,Eddie Rosario,INF,30.0,0.4739340841770172
459964,Matt Joyce,OF,36,0,607680.0,Kevin Pillar,OF,33.0,0.8190432786941528,624585.0,Jorge Soler,OF,30.0,0.2489108145236969,592206.0,Nick Castellanos,OF,30.0,0.2252282202243805
460026,Nick Hundley,C,35,0,,,,,,,,,,,,,,,
460060,Cliff Pennington,SS,34,0,595879.0,Javier Báez,SS,29.0,0.407362699508667,543760.0,Marcus Semien,SS,31.0,0.36142608523368835,596115.0,Trevor Story,SS,29.0,0.3128618896007538
460075,Ryan Braun,INF,36,0,502054.0,Tommy Pham,INF,34.0,0.9093384742736816,592192.0,Mark Canha,INF,33.0,0.8121428489685059,621035.0,Chris Taylor,INF,31.0,0.8040550947189331
460077,Drew Butera,C,37,0,,,,,,,,,,,,,,,
460086,Alex Gordon,INF,36,0,502054.0,Tommy Pham,INF,34.0,0.6297090649604797,592192.0,Mark Canha,INF,33.0,0.3567476272583008,621035.0,Chris Taylor,INF,31.0,0.3310486674308777
460269,Chris Gimenez,C,35,0,,,,,,,,,,,,,,,
460576,Carlos Gómez,OF,33,0,607680.0,Kevin Pillar,OF,33.0,0.8848853707313538,624585.0,Jorge Soler,OF,30.0,0.49143874645233154,592206.0,Nick Castellanos,OF,30.0,0.3841213285923004
461314,Matt Kemp,INF,35,0,502054.0,Tommy Pham,INF,34.0,0.6340563297271729,621035.0,Chris Taylor,INF,31.0,0.43254634737968445,592192.0,Mark Canha,INF,33.0,0.39884838461875916
461858,Trevor Plouffe,3B,32,0,592178.0,Kris Bryant,3B,30.0,0.5217099785804749,,,,,,,,,,
461865,Andrew Romine,SS,35,0,608369.0,Corey Seager,SS,28.0,0.6592532396316528,621043.0,Carlos Correa,SS,27.0,0.5933010578155518,543760.0,Marcus Semien,SS,31.0,0.5628387928009033
462101,Elvis Andrus,2B,33,0,456781.0,Donovan Solano,2B,34.0,0.8182128667831421,,,,,,,,,,
463610,Gregorio Petit,2B,33,0,456781.0,Donovan Solano,2B,34.0,0.6984071731567383,,,,,,,,,,
465041,Francisco Cervelli,C,34,0,,,,,,,,,,,,,,,
465753,Pedro Florimón,SS,31,0,608369.0,Corey Seager,SS,28.0,0.6306284666061401,543760.0,Marcus Semien,SS,31.0,0.4855424165725708,595879.0,Javier Báez,SS,29.0,0.46282824873924255
466320,Melky Cabrera,INF,34,0,502054.0,Tommy Pham,INF,34.0,0.8030180931091309,621035.0,Chris Taylor,INF,31.0,0.6370325684547424,592192.0,Mark Canha,INF,33.0,0.6315008997917175
466988,Emilio Bonifácio,OF,35,0,607680.0,Kevin Pillar,OF,33.0,0.7530035972595215,624585.0,Jorge Soler,OF,30.0,0.3602413237094879,592206.0,Nick Castellanos,OF,30.0,0.22047992050647736
467055,Pablo Sandoval,3B,34,0,592178.0,Kris Bryant,3B,30.0,0.5182778835296631,,,,,,,,,,
467092,Wilson Ramos,C,33,0,,,,,,,,,,,,,,,
467793,Carlos Santana,1B,36,0,518692.0,Freddie Freeman,1B,32.0,0.9444697499275208,,,,,,,,,,
467827,Gerardo Parra,INF,34,0,502054.0,Tommy Pham,INF,34.0,0.5056402683258057,621035.0,Chris Taylor,INF,31.0,0.36911246180534363,592192.0,Mark Canha,INF,33.0,0.29030841588974
471083,Miguel Montero,C,34,0,,,,,,,,,,,,,,,
471865,Carlos González,OF,33,0,607680.0,Kevin Pillar,OF,33.0,0.8997940421104431,592206.0,Nick Castellanos,OF,30.0,0.5287397503852844,624585.0,Jorge Soler,OF,30.0,0.5163214206695557
472528,Luis Valbuena,3B,32,0,592178.0,Kris Bryant,3B,30.0,0.3698778748512268,,,,,,,,,,
474319,Brandon Snyder,1B,31,0,518692.0,Freddie Freeman,1B,32.0,0.5472270846366882,,,,,,,,,,
474568,Jordy Mercer,SS,34,0,595879.0,Javier Báez,SS,29.0,0.21947568655014038,543760.0,Marcus Semien,SS,31.0,0.20356552302837372,596115.0,Trevor Story,SS,29.0,0.12097512930631638
474832,Brandon Belt,DH,34,0,457705.0,Andrew McCutchen,DH,35.0,0.7956446409225464,516782.0,Starling Marte,DH,33.0,0.6489828824996948,,,,,
475174,Yonder Alonso,1B,32,0,518692.0,Freddie Freeman,1B,32.0,0.7673212885856628,,,,,,,,,,
475247,Ryan Flaherty,3B,32,0,592178.0,Kris Bryant,3B,30.0,0.4402337372303009,,,,,,,,,,
475253,Justin Smoak,1B,33,0,518692.0,Freddie Freeman,1B,32.0,0.820048451423645,,,,,,,,,,
475582,Ryan Zimmerman,1B,36,0,518692.0,Freddie Freeman,1B,32.0,0.9008967280387878,,,,,,,,,,
476704,Jed Lowrie,2B,38,0,456781.0,Donovan Solano,2B,34.0,0.6138327121734619,,,,,,,,,,
476883,Pedro Álvarez,DH,31,0,516782.0,Starling Marte,DH,33.0,0.6512267589569092,457705.0,Andrew McCutchen,DH,35.0,0.6298536062240601,,,,,
488671,Alex Avila,C,34,0,,,,,,,,,,,,,,,
488681,Brandon Barnes,OF,32,0,607680.0,Kevin Pillar,OF,33.0,0.7947618961334229,624585.0,Jorge Soler,OF,30.0,0.24278675019741058,592206.0,Nick Castellanos,OF,30.0,0.23410193622112274
488721,Peter Bourjos,OF,32,0,607680.0,Kevin Pillar,OF,33.0,0.7836086750030518,624585.0,Jorge Soler,OF,30.0,0.3630317151546478,592206.0,Nick Castellanos,OF,30.0,0.3471306562423706
488726,Michael Brantley,DH,35,0,457705.0,Andrew McCutchen,DH,35.0,0.8406120538711548,516782.0,Starling Marte,DH,33.0,0.810146689414978,,,,,
488771,Jason Castro,C,35,0,,,,,,,,,,,,,,,
488810,Tony Cruz,C,31,0,,,,,,,,,,,,,,,
488818,Chase d'Arnaud,SS,31,0,608369.0,Corey Seager,SS,28.0,0.5977720022201538,543760.0,Marcus Semien,SS,31.0,0.476101815700531,595879.0,Javier Báez,SS,29.0,0.43677207827568054
489149,Logan Morrison,1B,32,0,518692.0,Freddie Freeman,1B,32.0,0.7471132278442383,,,,,,,,,,
489267,Adam Rosales,INF,35,0,502054.0,Tommy Pham,INF,34.0,0.45788559317588806,621035.0,Chris Taylor,INF,31.0,0.314416766166687,592192.0,Mark Canha,INF,33.0,0.2442966252565384
491676,Gorkys Hernández,OF,31,0,607680.0,Kevin Pillar,OF,33.0,0.8329542875289917,624585.0,Jorge Soler,OF,30.0,0.300028532743454,592206.0,Nick Castellanos,OF,30.0,0.25925034284591675
491696,Jesús Sucre,C,31,0,,,,,,,,,,,,,,,
493316,Yoenis Cespedes,OF,34,0,607680.0,Kevin Pillar,OF,33.0,0.8303533792495728,624585.0,Jorge Soler,OF,30.0,0.4386395215988159,592206.0,Nick Castellanos,OF,30.0,0.43613868951797485
493329,Yuli Gurriel,1B,38,0,518692.0,Freddie Freeman,1B,32.0,0.803387463092804,,,,,,,,,,
493596,Gordon Beckham,2B,32,0,456781.0,Donovan Solano,2B,34.0,0.5969339609146118,,,,,,,,,,
500208,Yangervis Solarte,3B,31,0,592178.0,Kris Bryant,3B,30.0,0.3809167146682739,,,,,,,,,,
500743,Miguel Rojas,SS,33,0,595879.0,Javier Báez,SS,29.0,0.5743433833122253,543760.0,Marcus Semien,SS,31.0,0.5547617673873901,596115.0,Trevor Story,SS,29.0,0.5277705192565918
500871,Eduardo Escobar,3B,33,0,592178.0,Kris Bryant,3B,30.0,0.7152904868125916,,,,,,,,,,
501303,Ehire Adrianza,SS,32,0,595879.0,Javier Báez,SS,29.0,0.3293991684913635,543760.0,Marcus Semien,SS,31.0,0.3007318079471588,596115.0,Trevor Story,SS,29.0,0.23400317132472992
501571,Juan Lagares,OF,33,0,607680.0,Kevin Pillar,OF,33.0,0.8247326612472534,624585.0,Jorge Soler,OF,30.0,0.2877938747406006,592206.0,Nick Castellanos,OF,30.0,0.2822733521461487
501659,Abraham Almonte,OF,33,0,607680.0,Kevin Pillar,OF,33.0,0.8323445916175842,624585.0,Jorge Soler,OF,30.0,0.2988528609275818,592206.0,Nick Castellanos,OF,30.0,0.19864079356193542
501896,David Freese,3B,36,0,592178.0,Kris Bryant,3B,30.0,0.8642396926879883,,,,,,,,,,
501981,Khris Davis,DH,33,0,457705.0,Andrew McCutchen,DH,35.0,0.7460808753967285,516782.0,Starling Marte,DH,33.0,0.3998352587223053,,,,,
502054,Tommy Pham,INF,34,1,592696.0,Eddie Rosario,INF,30.0,0.9408254027366638,592192.0,Mark Canha,INF,33.0,0.9183598756790161,592626.0,Joc Pederson,INF,30.0,0.914813220500946
502082,Lonnie Chisenhall,OF,29,0,607680.0,Kevin Pillar,OF,33.0,0.6849659085273743,592206.0,Nick Castellanos,OF,30.0,0.6779741048812866,624585.0,Jorge Soler,OF,30.0,0.5540244579315186
502110,J.D. Martinez,DH,34,0,516782.0,Starling Marte,DH,33.0,0.7991498708724976,457705.0,Andrew McCutchen,DH,35.0,0.6532247066497803,,,,,
502117,Kristopher Negrón,3B,33,0,592178.0,Kris Bryant,3B,30.0,0.30680280923843384,,,,,,,,,,
502143,Danny Valencia,1B,33,0,518692.0,Freddie Freeman,1B,32.0,0.6432768106460571,,,,,,,,,,
502210,Josh Reddick,OF,34,0,607680.0,Kevin Pillar,OF,33.0,0.908860445022583,592206.0,Nick Castellanos,OF,30.0,0.5783736109733582,624585.0,Jorge Soler,OF,30.0,0.5121331214904785
502226,Craig Gentry,OF,34,0,607680.0,Kevin Pillar,OF,33.0,0.8211547136306763,592206.0,Nick Castellanos,OF,30.0,0.2391493022441864,624585.0,Jorge Soler,OF,30.0,0.23531800508499146
502273,Mike Freeman,SS,33,0,595879.0,Javier Báez,SS,29.0,0.3756726086139679,543760.0,Marcus Semien,SS,31.0,0.36112913489341736,596115.0,Trevor Story,SS,29.0,0.28680771589279175
502481,Jarrod Dyson,INF,36,0,502054.0,Tommy Pham,INF,34.0,0.3960685133934021,621035.0,Chris Taylor,INF,31.0,0.31249481439590454,592192.0,Mark Canha,INF,33.0,0.22526884078979492
502517,Daniel Murphy,1B,35,0,518692.0,Freddie Freeman,1B,32.0,0.5462638139724731,,,,,,,,,,
502671,Paul Goldschmidt,1B,34,0,518692.0,Freddie Freeman,1B,32.0,0.8854670524597168,,,,,,,,,,
503556,Marwin Gonzalez,OF,33,0,607680.0,Kevin Pillar,OF,33.0,0.9447226524353027,624585.0,Jorge Soler,OF,30.0,0.41801100969314575,592206.0,Nick Castellanos,OF,30.0,0.4109839200973511
506702,Sandy León,C,33,0,,,,,,,,,,,,,,,
514888,Jose Altuve,OF,32,0,592206.0,Nick Castellanos,OF,30.0,0.8316926956176758,624585.0,Jorge Soler,OF,30.0,0.7809258103370667,607680.0,Kevin Pillar,OF,33.0,0.7010974884033203
514913,Rubén Tejada,SS,29,0,595879.0,Javier Báez,SS,29.0,0.41929349303245544,621043.0,Carlos Correa,SS,27.0,0.41790059208869934,608369.0,Corey Seager,SS,28.0,0.39360311627388
514917,César Hernández,2B,32,0,456781.0,Donovan Solano,2B,34.0,0.8182588219642639,,,,,,,,,,
516416,Jean Segura,2B,32,0,456781.0,Donovan Solano,2B,34.0,0.8960769176483154,,,,,,,,,,
516770,Starlin Castro,2B,31,0,456781.0,Donovan Solano,2B,34.0,0.8322710990905762,,,,,,,,,,
516782,Starling Marte,DH,33,1,457705.0,Andrew McCutchen,DH,35.0,0.7423983216285706,,,,,,,,,,
517369,José Pirela,OF,29,0,607680.0,Kevin Pillar,OF,33.0,0.8527156710624695,624585.0,Jorge Soler,OF,30.0,0.36878255009651184,592206.0,Nick Castellanos,OF,30.0,0.30526939034461975
518542,Juan Centeno,C,29,0,,,,,,,,,,,,,,,
518568,Christian Colón,2B,31,0,456781.0,Donovan Solano,2B,34.0,0.693472146987915,,,,,,,,,,
518586,Charlie Culberson,INF,33,0,592696.0,Eddie Rosario,INF,30.0,0.5067471861839294,502054.0,Tommy Pham,INF,34.0,0.44983428716659546,621035.0,Chris Taylor,INF,31.0,0.4162536859512329
518595,Travis d'Arnaud,C,33,0,,,,,,,,,,,,,,,
518614,Daniel Descalso,2B,32,0,456781.0,Donovan Solano,2B,34.0,0.6580952405929565,,,,,,,,,,
518618,Derek Dietrich,INF,30,0,592626.0,Joc Pederson,INF,30.0,0.8975158929824829,592192.0,Mark Canha,INF,33.0,0.8664394021034241,656941.0,Kyle Schwarber,INF,29.0,0.8580302596092224
518626,Josh Donaldson,DH,36,0,457705.0,Andrew McCutchen,DH,35.0,0.7210007309913635,516782.0,Starling Marte,DH,33.0,0.7163774371147156,,,,,
518653,Jake Elmore,SS,32,0,595879.0,Javier Báez,SS,29.0,0.40455007553100586,543760.0,Marcus Semien,SS,31.0,0.393276572227478,596115.0,Trevor Story,SS,29.0,0.31425854563713074
518692,Freddie Freeman,1B,32,1,,,,,,,,,,,,,,,
518735,Yasmani Grandal,C,33,0,,,,,,,,,,,,,,,
518792,Jason Heyward,OF,32,0,607680.0,Kevin Pillar,OF,33.0,0.8858852386474609,624585.0,Jorge Soler,OF,30.0,0.5808278322219849,592206.0,Nick Castellanos,OF,30.0,0.5268039107322693
518902,Pete Kozma,SS,33,0,543760.0,Marcus Semien,SS,31.0,0.8467563986778259,595879.0,Javier Báez,SS,29.0,0.8339364528656006,596115.0,Trevor Story,SS,29.0,0.8290010690689087
518934,DJ LeMahieu,2B,33,0,456781.0,Donovan Solano,2B,34.0,0.8104486465454102,,,,,,,,,,
518960,Jonathan Lucroy,C,35,0,,,,,,,,,,,,,,,
519023,Devin Mesoraco,C,30,0,,,,,,,,,,,,,,,
519048,Mitch Moreland,1B,35,0,518692.0,Freddie Freeman,1B,32.0,0.5764948129653931,,,,,,,,,,
519058,Mike Moustakas,3B,33,0,592178.0,Kris Bryant,3B,30.0,0.7783077955245972,,,,,,,,,,
519068,Efren Navarro,1B,32,0,518692.0,Freddie Freeman,1B,32.0,0.7505372762680054,,,,,,,,,,
519203,Anthony Rizzo,1B,32,0,518692.0,Freddie Freeman,1B,32.0,0.6056257486343384,,,,,,,,,,
519222,Austin Romine,C,33,0,,,,,,,,,,,,,,,
519299,Eric Sogard,2B,35,0,456781.0,Donovan Solano,2B,34.0,0.7185634970664978,,,,,,,,,,
519306,Steven Souza Jr.,OF,33,0,607680.0,Kevin Pillar,OF,33.0,0.8050671219825745,624585.0,Jorge Soler,OF,30.0,0.2852015495300293,592206.0,Nick Castellanos,OF,30.0,0.1822216808795929
519317,Giancarlo Stanton,DH,32,0,516782.0,Starling Marte,DH,33.0,0.8102936744689941,457705.0,Andrew McCutchen,DH,35.0,0.7741168141365051,,,,,
519346,Eric Thames,1B,33,0,518692.0,Freddie Freeman,1B,32.0,0.7474697828292847,,,,,,,,,,
519390,Stephen Vogt,C,37,0,,,,,,,,,,,,,,,
520471,Freddy Galvis,SS,31,0,595879.0,Javier Báez,SS,29.0,0.9318429231643677,543760.0,Marcus Semien,SS,31.0,0.9080253839492798,596115.0,Trevor Story,SS,29.0,0.8960453867912292
521692,Salvador Perez,C,32,0,,,,,,,,,,,,,,,
523253,Logan Forsythe,2B,33,0,456781.0,Donovan Solano,2B,34.0,0.6136447191238403,,,,,,,,,,
527038,Wilmer Flores,2B,30,0,456781.0,Donovan Solano,2B,34.0,0.4856709837913513,,,,,,,,,,
534606,Ryan LaMarre,OF,32,0,607680.0,Kevin Pillar,OF,33.0,0.553985059261322,624585.0,Jorge Soler,OF,30.0,0.49695760011672974,592206.0,Nick Castellanos,OF,30.0,0.3728123903274536
541645,Avisaíl García,OF,31,0,624585.0,Jorge Soler,OF,30.0,0.9553356170654297,592206.0,Nick Castellanos,OF,30.0,0.9192545413970947,607680.0,Kevin Pillar,OF,33.0,0.7256685495376587
541650,Hernán Pérez,SS,30,0,608369.0,Corey Seager,SS,28.0,0.5008021593093872,621043.0,Carlos Correa,SS,27.0,0.4431874454021454,543760.0,Marcus Semien,SS,31.0,0.4031057357788086
542194,Christian Bethancourt,1B,30,0,518692.0,Freddie Freeman,1B,32.0,0.8133752346038818,,,,,,,,,,
542255,Ender Inciarte,OF,31,0,607680.0,Kevin Pillar,OF,33.0,0.7092906832695007,624585.0,Jorge Soler,OF,30.0,0.29137885570526123,592206.0,Nick Castellanos,OF,30.0,0.22469504177570343
542303,Marcell Ozuna,DH,31,0,516782.0,Starling Marte,DH,33.0,0.9228394031524658,457705.0,Andrew McCutchen,DH,35.0,0.7449601888656616,,,,,
542340,Jonathan Villar,2B,31,0,456781.0,Donovan Solano,2B,34.0,0.755153477191925,,,,,,,,,,
542364,Rafael Ortega,OF,31,0,607680.0,Kevin Pillar,OF,33.0,0.9146209955215454,592206.0,Nick Castellanos,OF,30.0,0.5562673807144165,624585.0,Jorge Soler,OF,30.0,0.5266665816307068
542454,Danny Santana,OF,30,0,607680.0,Kevin Pillar,OF,33.0,0.8720552921295166,624585.0,Jorge Soler,OF,30.0,0.5150747895240784,592206.0,Nick Castellanos,OF,30.0,0.45337194204330444
542583,Jesús Aguilar,1B,32,0,518692.0,Freddie Freeman,1B,32.0,0.9237183332443237,,,,,,,,,,
542921,Tim Beckham,SS,32,0,543760.0,Marcus Semien,SS,31.0,0.2777443528175354,595879.0,Javier Báez,SS,29.0,0.27310627698898315,596115.0,Trevor Story,SS,29.0,0.16068612039089203
542932,Jon Berti,3B,32,0,592178.0,Kris Bryant,3B,30.0,0.5874993801116943,,,,,,,,,,
542963,Rob Brantly,C,32,0,,,,,,,,,,,,,,,
543063,Brandon Crawford,SS,35,0,595879.0,Javier Báez,SS,29.0,0.9367228746414185,543760.0,Marcus Semien,SS,31.0,0.930996298789978,596115.0,Trevor Story,SS,29.0,0.9140645861625671
543068,C.J. Cron,1B,32,0,518692.0,Freddie Freeman,1B,32.0,0.8836528062820435,,,,,,,,,,
543105,Alex Dickerson,OF,32,0,607680.0,Kevin Pillar,OF,33.0,0.9058327674865723,624585.0,Jorge Soler,OF,30.0,0.7389017939567566,592206.0,Nick Castellanos,OF,30.0,0.6358998417854309
543148,Tim Federowicz,C,31,0,,,,,,,,,,,,,,,
543228,Yan Gomes,C,34,0,,,,,,,,,,,,,,,
543257,Robbie Grossman,INF,32,0,502054.0,Tommy Pham,INF,34.0,0.9467686414718628,592626.0,Joc Pederson,INF,30.0,0.9383634328842163,592696.0,Eddie Rosario,INF,30.0,0.929827094078064
543281,Josh Harrison,2B,34,0,456781.0,Donovan Solano,2B,34.0,0.942674994468689,,,,,,,,,,
543302,Chris Herrmann,C,31,0,,,,,,,,,,,,,,,
543305,Aaron Hicks,INF,32,0,502054.0,Tommy Pham,INF,34.0,0.8371452689170837,592696.0,Eddie Rosario,INF,30.0,0.8262687921524048,592626.0,Joc Pederson,INF,30.0,0.7799060344696045
543308,John Hicks,C,31,0,,,,,,,,,,,,,,,
543309,Kyle Higashioka,C,32,0,,,,,,,,,,,,,,,
543333,Eric Hosmer,1B,32,0,518692.0,Freddie Freeman,1B,32.0,0.6779313683509827,,,,,,,,,,
543376,Caleb Joseph,C,34,0,,,,,,,,,,,,,,,
543401,Jason Kipnis,2B,33,0,456781.0,Donovan Solano,2B,34.0,0.8105728626251221,,,,,,,,,,
543432,Ryan Lavarnway,C,33,0,,,,,,,,,,,,,,,
543510,James McCann,C,32,0,,,,,,,,,,,,,,,
543543,Brad Miller,DH,32,0,516782.0,Starling Marte,DH,33.0,0.6905280947685242,457705.0,Andrew McCutchen,DH,35.0,0.6408357620239258,,,,,
543592,Austin Nola,C,32,0,,,,,,,,,,,,,,,
543685,Anthony Rendon,3B,32,0,592178.0,Kris Bryant,3B,30.0,0.7730947136878967,,,,,,,,,,
543760,Marcus Semien,SS,31,1,595879.0,Javier Báez,SS,29.0,0.9769483208656311,596115.0,Trevor Story,SS,29.0,0.9723825454711914,608369.0,Corey Seager,SS,28.0,0.9251003265380859
543768,Travis Shaw,3B,32,0,592178.0,Kris Bryant,3B,30.0,0.3560192584991455,,,,,,,,,,
543776,JB Shuck,OF,32,0,607680.0,Kevin Pillar,OF,33.0,0.7171979546546936,592206.0,Nick Castellanos,OF,30.0,0.2881540060043335,624585.0,Jorge Soler,OF,30.0,0.22244182229042053
543807,George Springer,OF,32,0,624585.0,Jorge Soler,OF,30.0,0.9788344502449036,592206.0,Nick Castellanos,OF,30.0,0.947997510433197,607680.0,Kevin Pillar,OF,33.0,0.5399636626243591
543829,Dee Strange-Gordon,2B,34,0,456781.0,Donovan Solano,2B,34.0,0.7336770296096802,,,,,,,,,,
543877,Christian Vázquez,C,31,0,,,,,,,,,,,,,,,
543939,Kolten Wong,2B,31,0,456781.0,Donovan Solano,2B,34.0,0.8959150910377502,,,,,,,,,,
544369,Didi Gregorius,SS,32,0,595879.0,Javier Báez,SS,29.0,0.6088241934776306,543760.0,Marcus Semien,SS,31.0,0.5459034442901611,596115.0,Trevor Story,SS,29.0,0.47604304552078247
544725,Leury García,OF,31,0,607680.0,Kevin Pillar,OF,33.0,0.8664497137069702,592206.0,Nick Castellanos,OF,30.0,0.5453354120254517,624585.0,Jorge Soler,OF,30.0,0.4412292242050171
544925,Matthew den Dekker,OF,30,0,607680.0,Kevin Pillar,OF,33.0,0.7606148719787598,624585.0,Jorge Soler,OF,30.0,0.5102009773254395,592206.0,Nick Castellanos,OF,30.0,0.3916891813278198
545121,Ildemaro Vargas,2B,30,0,456781.0,Donovan Solano,2B,34.0,0.7656948566436768,,,,,,,,,,
545338,Nick Franklin,2B,27,0,456781.0,Donovan Solano,2B,34.0,0.5574556589126587,,,,,,,,,,
545341,Randal Grichuk,OF,30,0,592206.0,Nick Castellanos,OF,30.0,0.9963172674179077,624585.0,Jorge Soler,OF,30.0,0.9260439872741699,607680.0,Kevin Pillar,OF,33.0,0.5562784075737
545350,Jake Marisnick,OF,31,0,607680.0,Kevin Pillar,OF,33.0,0.8691426515579224,592206.0,Nick Castellanos,OF,30.0,0.49802064895629883,624585.0,Jorge Soler,OF,30.0,0.46033841371536255
545358,Max Stassi,C,31,0,,,,,,,,,,,,,,,
545361,Mike Trout,OF,30,0,624585.0,Jorge Soler,OF,30.0,0.8959449529647827,592206.0,Nick Castellanos,OF,30.0,0.8841726183891296,607680.0,Kevin Pillar,OF,33.0,0.489147424697876
546318,Odúbel Herrera,OF,30,0,607680.0,Kevin Pillar,OF,33.0,0.7763258218765259,592206.0,Nick Castellanos,OF,30.0,0.6606978178024292,624585.0,Jorge Soler,OF,30.0,0.5143569111824036
546990,Anthony Alford,OF,27,0,607680.0,Kevin Pillar,OF,33.0,0.7791128754615784,592206.0,Nick Castellanos,OF,30.0,0.43412652611732483,624585.0,Jorge Soler,OF,30.0,0.43370988965034485
546991,Albert Almora Jr.,OF,28,0,607680.0,Kevin Pillar,OF,33.0,0.7971190214157104,624585.0,Jorge Soler,OF,30.0,0.22947527468204498,592206.0,Nick Castellanos,OF,30.0,0.17781753838062286
547004,Rio Ruiz,2B,27,0,456781.0,Donovan Solano,2B,34.0,0.5532939434051514,,,,,,,,,,
547172,Tony Wolters,C,30,0,,,,,,,,,,,,,,,
547180,Bryce Harper,OF,29,0,592206.0,Nick Castellanos,OF,30.0,0.960576057434082,624585.0,Jorge Soler,OF,30.0,0.870895504951477,607680.0,Kevin Pillar,OF,33.0,0.6113969087600708
547379,Roberto Pérez,C,33,0,,,,,,,,,,,,,,,
547982,Leonys Martin,OF,31,0,607680.0,Kevin Pillar,OF,33.0,0.9482057690620422,624585.0,Jorge Soler,OF,30.0,0.6521642804145813,592206.0,Nick Castellanos,OF,30.0,0.6521274447441101
547989,José Abreu,1B,35,0,518692.0,Freddie Freeman,1B,32.0,0.9564874172210693,,,,,,,,,,
553869,Elias Díaz,C,31,0,,,,,,,,,,,,,,,
553882,Omar Narváez,C,30,0,,,,,,,,,,,,,,,
553993,Eugenio Suárez,3B,30,0,592178.0,Kris Bryant,3B,30.0,0.7961858510971069,,,,,,,,,,
570256,Gregory Polanco,OF,29,0,607680.0,Kevin Pillar,OF,33.0,0.9000760316848755,624585.0,Jorge Soler,OF,30.0,0.7282662391662598,592206.0,Nick Castellanos,OF,30.0,0.6677929162979126
570267,Domingo Santana,OF,27,0,607680.0,Kevin Pillar,OF,33.0,0.8018211126327515,624585.0,Jorge Soler,OF,30.0,0.42304515838623047,592206.0,Nick Castellanos,OF,30.0,0.3030264973640442
570481,Erik González,2B,30,0,456781.0,Donovan Solano,2B,34.0,0.6498485803604126,,,,,,,,,,
570482,Gio Urshela,SS,30,0,595879.0,Javier Báez,SS,29.0,0.8754676580429077,543760.0,Marcus Semien,SS,31.0,0.8737679719924927,596115.0,Trevor Story,SS,29.0,0.8610777854919434
570560,Yolmer Sánchez,3B,30,0,592178.0,Kris Bryant,3B,30.0,0.43321099877357483,,,,,,,,,,
570731,Jonathan Schoop,2B,30,0,456781.0,Donovan Solano,2B,34.0,0.7602781057357788,,,,,,,,,,
571431,Matt Adams,1B,32,0,518692.0,Freddie Freeman,1B,32.0,0.3369636833667755,,,,,,,,,,
571437,Aaron Altherr,OF,28,0,607680.0,Kevin Pillar,OF,33.0,0.7659550905227661,624585.0,Jorge Soler,OF,30.0,0.5397310853004456,592206.0,Nick Castellanos,OF,30.0,0.4323655962944031
571448,Nolan Arenado,3B,31,0,592178.0,Kris Bryant,3B,30.0,0.7641690969467163,,,,,,,,,,
571466,Tucker Barnhart,C,31,0,,,,,,,,,,,,,,,
571506,Justin Bour,1B,31,0,518692.0,Freddie Freeman,1B,32.0,0.6849700212478638,,,,,,,,,,
571602,Matt Davidson,DH,31,0,457705.0,Andrew McCutchen,DH,35.0,0.5271103382110596,516782.0,Starling Marte,DH,33.0,0.40790852904319763,,,,,
571657,Kyle Farmer,2B,31,0,456781.0,Donovan Solano,2B,34.0,0.8236489295959473,,,,,,,,,,
571697,Scooter Gennett,2B,29,0,456781.0,Donovan Solano,2B,34.0,0.7364366054534912,,,,,,,,,,
571718,Brian Goodwin,OF,30,0,607680.0,Kevin Pillar,OF,33.0,0.856055498123169,624585.0,Jorge Soler,OF,30.0,0.7422599792480469,592206.0,Nick Castellanos,OF,30.0,0.6392672061920166
571740,Billy Hamilton,OF,31,0,607680.0,Kevin Pillar,OF,33.0,0.812614381313324,624585.0,Jorge Soler,OF,30.0,0.44181057810783386,592206.0,Nick Castellanos,OF,30.0,0.3820644021034241
571745,Mitch Haniger,OF,31,0,592206.0,Nick Castellanos,OF,30.0,0.9632366299629211,624585.0,Jorge Soler,OF,30.0,0.9613068103790283,607680.0,Kevin Pillar,OF,33.0,0.5391785502433777
571771,Enrique Hernández,2B,30,0,456781.0,Donovan Solano,2B,34.0,0.8107694983482361,,,,,,,,,,
571788,Brock Holt,3B,33,0,592178.0,Kris Bryant,3B,30.0,0.3964984714984894,,,,,,,,,,
571875,Jake Lamb,1B,31,0,518692.0,Freddie Freeman,1B,32.0,0.8319941163063049,,,,,,,,,,
571912,Luke Maile,C,31,0,,,,,,,,,,,,,,,
571918,Deven Marrero,3B,31,0,592178.0,Kris Bryant,3B,30.0,0.3378984332084656,,,,,,,,,,
571970,Max Muncy,3B,31,0,592178.0,Kris Bryant,3B,30.0,0.8508290648460388,,,,,,,,,,
571974,John Ryan Murphy,C,29,0,,,,,,,,,,,,,,,
571976,Wil Myers,OF,31,0,592206.0,Nick Castellanos,OF,30.0,0.9529380798339844,624585.0,Jorge Soler,OF,30.0,0.9101688861846924,607680.0,Kevin Pillar,OF,33.0,0.6261242032051086
571980,Tyler Naquin,OF,31,0,624585.0,Jorge Soler,OF,30.0,0.853460431098938,592206.0,Nick Castellanos,OF,30.0,0.7285099625587463,607680.0,Kevin Pillar,OF,33.0,0.672112226486206
572008,Chris Owings,SS,30,0,608369.0,Corey Seager,SS,28.0,0.5417302846908569,621043.0,Carlos Correa,SS,27.0,0.4282928705215454,543760.0,Marcus Semien,SS,31.0,0.3831602931022644
572033,Josh Phegley,C,32,0,,,,,,,,,,,,,,,
572039,Stephen Piscotty,OF,31,0,607680.0,Kevin Pillar,OF,33.0,0.933473527431488,624585.0,Jorge Soler,OF,30.0,0.501131534576416,592206.0,Nick Castellanos,OF,30.0,0.49798834323883057
572041,AJ Pollock,OF,34,0,592206.0,Nick Castellanos,OF,30.0,0.9916527271270752,624585.0,Jorge Soler,OF,30.0,0.8981015682220459,607680.0,Kevin Pillar,OF,33.0,0.5824604034423828
572122,Kyle Seager,3B,33,0,592178.0,Kris Bryant,3B,30.0,0.8182381987571716,,,,,,,,,,
572180,Andrew Susac,C,30,0,,,,,,,,,,,,,,,
572191,Michael A. Taylor,OF,31,0,607680.0,Kevin Pillar,OF,33.0,0.9326711893081665,592206.0,Nick Castellanos,OF,30.0,0.6280263662338257,624585.0,Jorge Soler,OF,30.0,0.585808515548706
572204,Trayce Thompson,OF,31,0,624585.0,Jorge Soler,OF,30.0,0.7254793047904968,607680.0,Kevin Pillar,OF,33.0,0.6297693252563477,592206.0,Nick Castellanos,OF,30.0,0.5398862957954407
572228,Luke Voit,1B,31,0,518692.0,Freddie Freeman,1B,32.0,0.9136802554130554,,,,,,,,,,
572233,Christian Walker,1B,31,0,518692.0,Freddie Freeman,1B,32.0,0.9536651372909546,,,,,,,,,,
572287,Mike Zunino,C,31,0,,,,,,,,,,,,,,,
572365,Ryan Goins,2B,32,0,456781.0,Donovan Solano,2B,34.0,0.5433905720710754,,,,,,,,,,
572761,Matt Carpenter,DH,36,0,457705.0,Andrew McCutchen,DH,35.0,0.7217928171157837,516782.0,Starling Marte,DH,33.0,0.5506919026374817,,,,,
572816,Corey Dickerson,DH,33,0,516782.0,Starling Marte,DH,33.0,0.8032236099243164,457705.0,Andrew McCutchen,DH,35.0,0.7210463881492615,,,,,
572821,Brian Dozier,2B,33,0,456781.0,Donovan Solano,2B,34.0,0.58159339427948,,,,,,,,,,
572863,Dustin Garneau,C,34,0,,,,,,,,,,,,,,,
573131,Darin Ruf,1B,35,0,518692.0,Freddie Freeman,1B,32.0,0.787796676158905,,,,,,,,,,
573262,Mike Yastrzemski,OF,31,0,624585.0,Jorge Soler,OF,30.0,0.9015275835990906,592206.0,Nick Castellanos,OF,30.0,0.8719009160995483,607680.0,Kevin Pillar,OF,33.0,0.7330103516578674
575929,Willson Contreras,C,30,0,,,,,,,,,,,,,,,
576397,Jedd Gyorko,3B,31,0,592178.0,Kris Bryant,3B,30.0,0.7073816061019897,,,,,,,,,,
578428,Jose Iglesias,SS,32,0,595879.0,Javier Báez,SS,29.0,0.7908032536506653,543760.0,Marcus Semien,SS,31.0,0.7883329391479492,596115.0,Trevor Story,SS,29.0,0.7663410902023315
588751,Adeiny Hechavarría,SS,31,0,595879.0,Javier Báez,SS,29.0,0.35455822944641113,543760.0,Marcus Semien,SS,31.0,0.3100619614124298,608369.0,Corey Seager,SS,28.0,0.2943459451198578
591720,Ronald Torreyes,SS,28,0,621043.0,Carlos Correa,SS,27.0,0.5145955681800842,608369.0,Corey Seager,SS,28.0,0.46578627824783325,595879.0,Javier Báez,SS,29.0,0.46570274233818054
592178,Kris Bryant,3B,30,1,,,,,,,,,,,,,,,
592192,Mark Canha,INF,33,1,621035.0,Chris Taylor,INF,31.0,0.9546445608139038,592626.0,Joc Pederson,INF,30.0,0.9472416639328003,502054.0,Tommy Pham,INF,34.0,0.9183598756790161
592200,Curt Casali,C,33,0,,,,,,,,,,,,,,,
592206,Nick Castellanos,OF,30,1,624585.0,Jorge Soler,OF,30.0,0.9300866723060608,607680.0,Kevin Pillar,OF,33.0,0.5648279786109924,,,,,
592261,Delino DeShields,2B,28,0,456781.0,Donovan Solano,2B,34.0,0.8751136064529419,,,,,,,,,,
592273,Brandon Drury,3B,29,0,592178.0,Kris Bryant,3B,30.0,0.8261115550994873,,,,,,,,,,
592325,Ben Gamel,OF,30,0,607680.0,Kevin Pillar,OF,33.0,0.8760724067687988,624585.0,Jorge Soler,OF,30.0,0.37859824299812317,592206.0,Nick Castellanos,OF,30.0,0.33059701323509216
592348,Niko Goodrum,3B,30,0,592178.0,Kris Bryant,3B,30.0,0.5863897800445557,,,,,,,,,,
592407,Bryan Holaday,C,33,0,,,,,,,,,,,,,,,
592444,JaCoby Jones,OF,29,0,607680.0,Kevin Pillar,OF,33.0,0.7198926210403442,624585.0,Jorge Soler,OF,30.0,0.33639463782310486,592206.0,Nick Castellanos,OF,30.0,0.3324023485183716
592450,Aaron Judge,OF,30,0,624585.0,Jorge Soler,OF,30.0,0.7993002533912659,592206.0,Nick Castellanos,OF,30.0,0.6523401737213135,607680.0,Kevin Pillar,OF,33.0,0.5558688044548035
592518,Manny Machado,SS,29,0,608369.0,Corey Seager,SS,28.0,0.9718605279922485,543760.0,Marcus Semien,SS,31.0,0.9299236536026001,621043.0,Carlos Correa,SS,27.0,0.9279475212097168
592567,Colin Moran,3B,29,0,592178.0,Kris Bryant,3B,30.0,0.7646739482879639,,,,,,,,,,
592626,Joc Pederson,INF,30,1,592192.0,Mark Canha,INF,33.0,0.9472416639328003,621035.0,Chris Taylor,INF,31.0,0.9000576734542847,656941.0,Kyle Schwarber,INF,29.0,0.8726576566696167
592663,J.T. Realmuto,C,31,0,,,,,,,,,,,,,,,
592669,Hunter Renfroe,OF,30,0,592206.0,Nick Castellanos,OF,30.0,0.9366868734359741,624585.0,Jorge Soler,OF,30.0,0.9289799928665161,607680.0,Kevin Pillar,OF,33.0,0.5069595575332642
592680,Yadiel Rivera,SS,28,0,621043.0,Carlos Correa,SS,27.0,0.45536336302757263,595879.0,Javier Báez,SS,29.0,0.4325605630874634,608369.0,Corey Seager,SS,28.0,0.42960262298583984
592696,Eddie Rosario,INF,30,1,621035.0,Chris Taylor,INF,31.0,0.9233608245849609,592192.0,Mark Canha,INF,33.0,0.8953365087509155,592626.0,Joc Pederson,INF,30.0,0.8554168939590454
592743,Andrelton Simmons,SS,32,0,595879.0,Javier Báez,SS,29.0,0.30119383335113525,543760.0,Marcus Semien,SS,31.0,0.2683333456516266,596115.0,Trevor Story,SS,29.0,0.1996651291847229
592863,Mason Williams,OF,29,0,607680.0,Kevin Pillar,OF,33.0,0.7588484287261963,624585.0,Jorge Soler,OF,30.0,0.18493250012397766,592206.0,Nick Castellanos,OF,30.0,0.15093988180160522
592885,Christian Yelich,OF,30,0,624585.0,Jorge Soler,OF,30.0,0.9508692622184753,592206.0,Nick Castellanos,OF,30.0,0.9210686683654785,607680.0,Kevin Pillar,OF,33.0,0.5138788819313049
593160,Whit Merrifield,2B,33,0,456781.0,Donovan Solano,2B,34.0,0.8445250988006592,,,,,,,,,,
593428,Xander Bogaerts,SS,29,0,608369.0,Corey Seager,SS,28.0,0.9412493705749512,543760.0,Marcus Semien,SS,31.0,0.9315112233161926,595879.0,Javier Báez,SS,29.0,0.9298027157783508
593643,Hanser Alberto,2B,29,0,456781.0,Donovan Solano,2B,34.0,0.7321743965148926,,,,,,,,,,
593871,Jorge Polanco,3B,28,0,592178.0,Kris Bryant,3B,30.0,0.873603880405426,,,,,,,,,,
593934,Miguel Sanó,1B,29,0,518692.0,Freddie Freeman,1B,32.0,0.7471656203269958,,,,,,,,,,
594694,Wilmer Difo,SS,30,0,608369.0,Corey Seager,SS,28.0,0.5355305671691895,621043.0,Carlos Correa,SS,27.0,0.5187589526176453,543760.0,Marcus Semien,SS,31.0,0.46597015857696533
594777,Kole Calhoun,OF,34,0,607680.0,Kevin Pillar,OF,33.0,0.893875241279602,624585.0,Jorge Soler,OF,30.0,0.6814703345298767,592206.0,Nick Castellanos,OF,30.0,0.5543371438980103
594807,Adam Duvall,OF,33,0,624585.0,Jorge Soler,OF,30.0,0.9686528444290161,592206.0,Nick Castellanos,OF,30.0,0.8960427641868591,607680.0,Kevin Pillar,OF,33.0,0.667255163192749
594809,Adam Eaton,OF,32,0,607680.0,Kevin Pillar,OF,33.0,0.8781654238700867,592206.0,Nick Castellanos,OF,30.0,0.6314557790756226,624585.0,Jorge Soler,OF,30.0,0.5553277134895325
594824,Greg Garcia,2B,30,0,456781.0,Donovan Solano,2B,34.0,0.7267448902130127,,,,,,,,,,
594828,Evan Gattis,DH,31,0,516782.0,Starling Marte,DH,33.0,0.785256028175354,457705.0,Andrew McCutchen,DH,35.0,0.7267328500747681,,,,,
594838,Phil Gosselin,2B,33,0,456781.0,Donovan Solano,2B,34.0,0.6220718622207642,,,,,,,,,,
594988,Scott Schebler,OF,30,0,607680.0,Kevin Pillar,OF,33.0,0.8563711047172546,624585.0,Jorge Soler,OF,30.0,0.5209808349609375,592206.0,Nick Castellanos,OF,30.0,0.47734570503234863
595281,Kevin Kiermaier,OF,32,0,607680.0,Kevin Pillar,OF,33.0,0.8729857802391052,592206.0,Nick Castellanos,OF,30.0,0.6223468780517578,624585.0,Jorge Soler,OF,30.0,0.523623526096344
595284,Andrew Knapp,C,30,0,,,,,,,,,,,,,,,
595375,JT Riddle,SS,30,0,608369.0,Corey Seager,SS,28.0,0.29470527172088623,621043.0,Carlos Correa,SS,27.0,0.28470611572265625,595879.0,Javier Báez,SS,29.0,0.2694477438926697
595453,Chad Wallach,C,30,0,,,,,,,,,,,,,,,
595751,Jorge Alfaro,C,29,0,,,,,,,,,,,,,,,
595777,Jurickson Profar,INF,29,0,592696.0,Eddie Rosario,INF,30.0,0.953119158744812,621035.0,Chris Taylor,INF,31.0,0.8572343587875366,592626.0,Joc Pederson,INF,30.0,0.8287091255187988
595879,Javier Báez,SS,29,1,543760.0,Marcus Semien,SS,31.0,0.9769483208656311,596115.0,Trevor Story,SS,29.0,0.9667625427246094,621043.0,Carlos Correa,SS,27.0,0.9487708806991577
595909,Jake Cave,OF,29,0,607680.0,Kevin Pillar,OF,33.0,0.8065676093101501,592206.0,Nick Castellanos,OF,30.0,0.5117557048797607,624585.0,Jorge Soler,OF,30.0,0.47043299674987793
595956,Cam Gallagher,C,29,0,,,,,,,,,,,,,,,
595978,Austin Hedges,C,29,0,,,,,,,,,,,,,,,
596019,Francisco Lindor,SS,28,0,595879.0,Javier Báez,SS,29.0,0.9354395866394043,543760.0,Marcus Semien,SS,31.0,0.910850465297699,596115.0,Trevor Story,SS,29.0,0.8833735585212708
596059,Rougned Odor,SS,28,0,595879.0,Javier Báez,SS,29.0,0.8292427659034729,596115.0,Trevor Story,SS,29.0,0.8105525970458984,543760.0,Marcus Semien,SS,31.0,0.8015499114990234
596103,Austin Slater,OF,29,0,607680.0,Kevin Pillar,OF,33.0,0.7414115071296692,592206.0,Nick Castellanos,OF,30.0,0.569564163684845,624585.0,Jorge Soler,OF,30.0,0.5424550771713257
596115,Trevor Story,SS,29,1,543760.0,Marcus Semien,SS,31.0,0.9723825454711914,595879.0,Javier Báez,SS,29.0,0.9667625427246094,621043.0,Carlos Correa,SS,27.0,0.9492244124412537
596117,Garrett Stubbs,C,29,0,,,,,,,,,,,,,,,
596129,Daniel Vogelbach,1B,29,0,518692.0,Freddie Freeman,1B,32.0,0.8689912557601929,,,,,,,,,,
596142,Gary Sánchez,C,29,0,,,,,,,,,,,,,,,
596144,Cheslor Cuthbert,3B,27,0,592178.0,Kris Bryant,3B,30.0,0.335243821144104,,,,,,,,,,
596146,Max Kepler,INF,29,0,621035.0,Chris Taylor,INF,31.0,0.9074656367301941,592696.0,Eddie Rosario,INF,30.0,0.892359733581543,592626.0,Joc Pederson,INF,30.0,0.8614248633384705
596451,Roman Quinn,OF,29,0,607680.0,Kevin Pillar,OF,33.0,0.8072576522827148,592206.0,Nick Castellanos,OF,30.0,0.36551591753959656,624585.0,Jorge Soler,OF,30.0,0.3623204231262207
596748,Maikel Franco,3B,29,0,592178.0,Kris Bryant,3B,30.0,0.763054370880127,,,,,,,,,,
596847,Ji Man Choi,DH,31,0,516782.0,Starling Marte,DH,33.0,0.8552879095077515,457705.0,Andrew McCutchen,DH,35.0,0.7794607877731323,,,,,
598265,Jackie Bradley Jr.,OF,32,0,607680.0,Kevin Pillar,OF,33.0,0.9333594441413879,624585.0,Jorge Soler,OF,30.0,0.6262503266334534,592206.0,Nick Castellanos,OF,30.0,0.560826301574707
600301,Taylor Motter,2B,32,0,456781.0,Donovan Solano,2B,34.0,0.5382825136184692,,,,,,,,,,
600303,Tommy La Stella,2B,33,0,456781.0,Donovan Solano,2B,34.0,0.8588294386863708,,,,,,,,,,
600474,Pedro Severino,C,28,0,,,,,,,,,,,,,,,
600524,Renato Núñez,3B,27,0,592178.0,Kris Bryant,3B,30.0,0.8668607473373413,,,,,,,,,,
600869,Jeimer Candelario,3B,28,0,592178.0,Kris Bryant,3B,30.0,0.8950185179710388,,,,,,,,,,
602104,Ramón Urías,3B,28,0,592178.0,Kris Bryant,3B,30.0,0.8355351090431213,,,,,,,,,,
605113,Nick Ahmed,SS,32,0,595879.0,Javier Báez,SS,29.0,0.5744012594223022,543760.0,Marcus Semien,SS,31.0,0.5690657496452332,596115.0,Trevor Story,SS,29.0,0.5061114430427551
605131,Austin Barnes,C,32,0,,,,,,,,,,,,,,,
605137,Josh Bell,1B,29,0,518692.0,Freddie Freeman,1B,32.0,0.942828357219696,,,,,,,,,,
605141,Mookie Betts,SS,29,0,621043.0,Carlos Correa,SS,27.0,0.9256977438926697,596115.0,Trevor Story,SS,29.0,0.9157569408416748,595879.0,Javier Báez,SS,29.0,0.9057281017303467
605170,Victor Caratini,C,28,0,,,,,,,,,,,,,,,
605204,J.D. Davis,3B,29,0,592178.0,Kris Bryant,3B,30.0,0.8788208961486816,,,,,,,,,,
605244,Aramis Garcia,C,29,0,,,,,,,,,,,,,,,
605253,Terrance Gore,OF,31,0,607680.0,Kevin Pillar,OF,33.0,0.7210232019424438,624585.0,Jorge Soler,OF,30.0,0.3139457404613495,592206.0,Nick Castellanos,OF,30.0,0.2432836890220642
605361,Nick Martini,OF,31,0,607680.0,Kevin Pillar,OF,33.0,0.6514018774032593,624585.0,Jorge Soler,OF,30.0,0.2720094323158264,592206.0,Nick Castellanos,OF,30.0,0.1698550283908844
605412,Joe Panik,2B,30,0,456781.0,Donovan Solano,2B,34.0,0.7527653574943542,,,,,,,,,,
605421,Michael Pérez,C,29,0,,,,,,,,,,,,,,,
605486,Cory Spangenberg,2B,31,0,456781.0,Donovan Solano,2B,34.0,0.4978448152542114,,,,,,,,,,
605548,Bradley Zimmer,OF,29,0,607680.0,Kevin Pillar,OF,33.0,0.7725911140441895,624585.0,Jorge Soler,OF,30.0,0.39925047755241394,592206.0,Nick Castellanos,OF,30.0,0.2861977517604828
605612,Harold Castro,2B,28,0,456781.0,Donovan Solano,2B,34.0,0.7046535015106201,,,,,,,,,,
606115,Orlando Arcia,SS,27,0,595879.0,Javier Báez,SS,29.0,0.4729596972465515,621043.0,Carlos Correa,SS,27.0,0.45804810523986816,608369.0,Corey Seager,SS,28.0,0.4420616030693054
606132,Raimel Tapia,OF,28,0,592206.0,Nick Castellanos,OF,30.0,0.6699578762054443,624585.0,Jorge Soler,OF,30.0,0.6065922975540161,607680.0,Kevin Pillar,OF,33.0,0.6020327806472778
606192,Teoscar Hernández,INF,29,0,592626.0,Joc Pederson,INF,30.0,0.9515515565872192,656941.0,Kyle Schwarber,INF,29.0,0.9299451112747192,592696.0,Eddie Rosario,INF,30.0,0.8674322366714478
606299,José Peraza,2B,27,0,456781.0,Donovan Solano,2B,34.0,0.7357289791107178,,,,,,,,,,
606466,Ketel Marte,2B,28,0,456781.0,Donovan Solano,2B,34.0,0.6630740165710449,,,,,,,,,,
606992,Eric Haase,C,29,0,,,,,,,,,,,,,,,
607043,Brandon Nimmo,OF,29,0,592206.0,Nick Castellanos,OF,30.0,0.9207804799079895,624585.0,Jorge Soler,OF,30.0,0.8559640049934387,607680.0,Kevin Pillar,OF,33.0,0.5972549915313721
607054,Jace Peterson,2B,32,0,456781.0,Donovan Solano,2B,34.0,0.842888355255127,,,,,,,,,,
607208,Trea Turner,SS,29,0,596115.0,Trevor Story,SS,29.0,0.9216861724853516,543760.0,Marcus Semien,SS,31.0,0.9154776334762573,621043.0,Carlos Correa,SS,27.0,0.9116138219833374
607345,Kevan Smith,C,33,0,,,,,,,,,,,,,,,
607680,Kevin Pillar,OF,33,1,624585.0,Jorge Soler,OF,30.0,0.5857189893722534,592206.0,Nick Castellanos,OF,30.0,0.5648279786109924,,,,,
607732,Jacob Stallings,C,32,0,,,,,,,,,,,,,,,
608070,José Ramírez,3B,29,0,592178.0,Kris Bryant,3B,30.0,0.7553108930587769,,,,,,,,,,
608324,Alex Bregman,3B,28,0,592178.0,Kris Bryant,3B,30.0,0.8882048726081848,,,,,,,,,,
608336,Joey Gallo,OF,28,0,624585.0,Jorge Soler,OF,30.0,0.7726234197616577,607680.0,Kevin Pillar,OF,33.0,0.7078479528427124,592206.0,Nick Castellanos,OF,30.0,0.7039579749107361
608348,Carson Kelly,C,27,0,,,,,,,,,,,,,,,
608369,Corey Seager,SS,28,1,621043.0,Carlos Correa,SS,27.0,0.9370349645614624,543760.0,Marcus Semien,SS,31.0,0.9251003265380859,595879.0,Javier Báez,SS,29.0,0.8905293345451355
608385,Jesse Winker,DH,28,0,516782.0,Starling Marte,DH,33.0,0.8767893314361572,457705.0,Andrew McCutchen,DH,35.0,0.6197153329849243,,,,,
608577,Nomar Mazara,OF,27,0,592206.0,Nick Castellanos,OF,30.0,0.7599219679832458,607680.0,Kevin Pillar,OF,33.0,0.7147024869918823,624585.0,Jorge Soler,OF,30.0,0.7045251727104187
608596,Tom Murphy,C,31,0,,,,,,,,,,,,,,,
608671,Travis Jankowski,OF,31,0,607680.0,Kevin Pillar,OF,33.0,0.7386850118637085,624585.0,Jorge Soler,OF,30.0,0.3194456100463867,592206.0,Nick Castellanos,OF,30.0,0.25565406680107117
608700,Kevin Plawecki,C,31,0,,,,,,,,,,,,,,,
608701,Rob Refsnyder,2B,31,0,456781.0,Donovan Solano,2B,34.0,0.8217701315879822,,,,,,,,,,
608703,Matt Reynolds,3B,31,0,592178.0,Kris Bryant,3B,30.0,0.3326062560081482,,,,,,,,,,
609275,Adalberto Mondesi,SS,26,0,608369.0,Corey Seager,SS,28.0,0.6375063061714172,621043.0,Carlos Correa,SS,27.0,0.6069542765617371,595879.0,Javier Báez,SS,29.0,0.5006235837936401
609280,Miguel Andujar,INF,27,0,592696.0,Eddie Rosario,INF,30.0,0.6309797167778015,592626.0,Joc Pederson,INF,30.0,0.4440024197101593,656941.0,Kyle Schwarber,INF,29.0,0.4066753387451172
614173,Franchy Cordero,OF,27,0,607680.0,Kevin Pillar,OF,33.0,0.7609655261039734,592206.0,Nick Castellanos,OF,30.0,0.567550003528595,624585.0,Jorge Soler,OF,30.0,0.5647565126419067
614177,Franmil Reyes,OF,26,0,624585.0,Jorge Soler,OF,30.0,0.9490666389465332,592206.0,Nick Castellanos,OF,30.0,0.8329171538352966,607680.0,Kevin Pillar,OF,33.0,0.6143084764480591
620443,Luis Torrens,C,26,0,,,,,,,,,,,,,,,
621020,Dansby Swanson,SS,28,0,543760.0,Marcus Semien,SS,31.0,0.9856647253036499,595879.0,Javier Báez,SS,29.0,0.9822528958320618,596115.0,Trevor Story,SS,29.0,0.9758782386779785
621028,Kevin Newman,SS,28,0,621043.0,Carlos Correa,SS,27.0,0.5190578699111938,608369.0,Corey Seager,SS,28.0,0.5115564465522766,543760.0,Marcus Semien,SS,31.0,0.48313307762145996
621035,Chris Taylor,INF,31,1,592192.0,Mark Canha,INF,33.0,0.9546445608139038,592696.0,Eddie Rosario,INF,30.0,0.9233608245849609,592626.0,Joc Pederson,INF,30.0,0.9000576734542847
621043,Carlos Correa,SS,27,1,596115.0,Trevor Story,SS,29.0,0.9492244124412537,595879.0,Javier Báez,SS,29.0,0.9487708806991577,608369.0,Corey Seager,SS,28.0,0.9370349645614624
621311,David Dahl,OF,27,0,607680.0,Kevin Pillar,OF,33.0,0.8568502068519592,592206.0,Nick Castellanos,OF,30.0,0.5230284929275513,624585.0,Jorge Soler,OF,30.0,0.45157867670059204
621438,Tyrone Taylor,OF,28,0,592206.0,Nick Castellanos,OF,30.0,0.8862065672874451,624585.0,Jorge Soler,OF,30.0,0.7686892151832581,607680.0,Kevin Pillar,OF,33.0,0.7253794074058533
621439,Byron Buxton,OF,28,0,592206.0,Nick Castellanos,OF,30.0,0.8965051174163818,624585.0,Jorge Soler,OF,30.0,0.8183752298355103,607680.0,Kevin Pillar,OF,33.0,0.6848459243774414
621446,Lewis Brinson,OF,28,0,607680.0,Kevin Pillar,OF,33.0,0.7198604345321655,624585.0,Jorge Soler,OF,30.0,0.42003512382507324,592206.0,Nick Castellanos,OF,30.0,0.40214353799819946
621458,Edwin Rios,1B,28,0,518692.0,Freddie Freeman,1B,32.0,0.7196165323257446,,,,,,,,,,
621466,DJ Stewart,OF,28,0,607680.0,Kevin Pillar,OF,33.0,0.7076199650764465,624585.0,Jorge Soler,OF,30.0,0.324751615524292,592206.0,Nick Castellanos,OF,30.0,0.18175581097602844
621493,Taylor Ward,OF,28,0,592206.0,Nick Castellanos,OF,30.0,0.867777407169342,624585.0,Jorge Soler,OF,30.0,0.8404908180236816,607680.0,Kevin Pillar,OF,33.0,0.7520966529846191
621512,Tomás Nido,C,28,0,,,,,,,,,,,,,,,
621550,Patrick Wisdom,1B,30,0,518692.0,Freddie Freeman,1B,32.0,0.708948016166687,,,,,,,,,,
621563,Joey Wendle,SS,32,0,543760.0,Marcus Semien,SS,31.0,0.5425512194633484,595879.0,Javier Báez,SS,29.0,0.5309485793113708,596115.0,Trevor Story,SS,29.0,0.4900381863117218
621566,Matt Olson,1B,28,0,518692.0,Freddie Freeman,1B,32.0,0.8673713803291321,,,,,,,,,,
622110,Matt Duffy,SS,31,0,595879.0,Javier Báez,SS,29.0,0.39022380113601685,608369.0,Corey Seager,SS,28.0,0.36994630098342896,543760.0,Marcus Semien,SS,31.0,0.36130255460739136
622268,Donovan Walton,2B,28,0,456781.0,Donovan Solano,2B,34.0,0.5160743594169617,,,,,,,,,,
622491,Luis Castillo,2B,29,0,456781.0,Donovan Solano,2B,34.0,0.6028705835342407,,,,,,,,,,
622534,Manuel Margot,OF,27,0,607680.0,Kevin Pillar,OF,33.0,0.5295858383178711,592206.0,Nick Castellanos,OF,30.0,0.48766741156578064,624585.0,Jorge Soler,OF,30.0,0.4651517868041992
622569,Pablo Reyes,OF,28,0,607680.0,Kevin Pillar,OF,33.0,0.7491970062255859,592206.0,Nick Castellanos,OF,30.0,0.1903315633535385,624585.0,Jorge Soler,OF,30.0,0.17723187804222107
622666,Johan Camargo,3B,28,0,592178.0,Kris Bryant,3B,30.0,0.3701074719429016,,,,,,,,,,
622761,Jorge Mateo,SS,27,0,608369.0,Corey Seager,SS,28.0,0.5918935537338257,621043.0,Carlos Correa,SS,27.0,0.5699580907821655,595879.0,Javier Báez,SS,29.0,0.48043057322502136
623168,Tyler Heineman,C,31,0,,,,,,,,,,,,,,,
623205,Andrew Velazquez,SS,27,0,608369.0,Corey Seager,SS,28.0,0.4834563732147217,621043.0,Carlos Correa,SS,27.0,0.45714694261550903,595879.0,Javier Báez,SS,29.0,0.3269997835159302
623520,David Bote,3B,29,0,592178.0,Kris Bryant,3B,30.0,0.643885612487793,,,,,,,,,,
623912,Harold Ramírez,OF,27,0,607680.0,Kevin Pillar,OF,33.0,0.7094976902008057,592206.0,Nick Castellanos,OF,30.0,0.536461591720581,624585.0,Jorge Soler,OF,30.0,0.3938670754432678
623993,Anthony Santander,OF,27,0,592206.0,Nick Castellanos,OF,30.0,0.9722234010696411,624585.0,Jorge Soler,OF,30.0,0.9473778009414673,607680.0,Kevin Pillar,OF,33.0,0.5717635154724121
624413,Pete Alonso,1B,27,0,518692.0,Freddie Freeman,1B,32.0,0.9008201360702515,,,,,,,,,,
624414,Christian Arroyo,2B,27,0,456781.0,Donovan Solano,2B,34.0,0.6466350555419922,,,,,,,,,,
624415,Cavan Biggio,1B,27,0,518692.0,Freddie Freeman,1B,32.0,0.6565371155738831,,,,,,,,,,
624424,Michael Conforto,DH,28,0,516782.0,Starling Marte,DH,33.0,0.9178848266601562,457705.0,Andrew McCutchen,DH,35.0,0.6948546171188354,,,,,
624428,Adam Frazier,2B,30,0,456781.0,Donovan Solano,2B,34.0,0.7873734831809998,,,,,,,,,,
624431,Jose Trevino,C,29,0,,,,,,,,,,,,,,,
624512,Reese McGuire,C,27,0,,,,,,,,,,,,,,,
624577,Yasiel Puig,OF,28,0,592206.0,Nick Castellanos,OF,30.0,0.9835232496261597,624585.0,Jorge Soler,OF,30.0,0.9495344758033752,607680.0,Kevin Pillar,OF,33.0,0.5305172801017761
624585,Jorge Soler,OF,30,1,592206.0,Nick Castellanos,OF,30.0,0.9300866723060608,607680.0,Kevin Pillar,OF,33.0,0.5857189893722534,,,,,
624641,Edmundo Sosa,2B,26,0,456781.0,Donovan Solano,2B,34.0,0.6960134506225586,,,,,,,,,,
628338,Guillermo Heredia,OF,31,0,607680.0,Kevin Pillar,OF,33.0,0.8616704940795898,624585.0,Jorge Soler,OF,30.0,0.510317325592041,592206.0,Nick Castellanos,OF,30.0,0.48248055577278137
630105,Jake Cronenworth,2B,28,0,456781.0,Donovan Solano,2B,34.0,0.5610884428024292,,,,,,,,,,
640449,Clint Frazier,OF,27,0,607680.0,Kevin Pillar,OF,33.0,0.7216156721115112,624585.0,Jorge Soler,OF,30.0,0.562575101852417,592206.0,Nick Castellanos,OF,30.0,0.5549123287200928
640457,Austin Meadows,OF,27,0,624585.0,Jorge Soler,OF,30.0,0.890335202217102,592206.0,Nick Castellanos,OF,30.0,0.877358078956604,607680.0,Kevin Pillar,OF,33.0,0.7317675948143005
640461,Chad Pinder,2B,30,0,456781.0,Donovan Solano,2B,34.0,0.8130303621292114,,,,,,,,,,
641313,Tim Anderson,SS,29,0,621043.0,Carlos Correa,SS,27.0,0.8171210289001465,596115.0,Trevor Story,SS,29.0,0.8130465745925903,543760.0,Marcus Semien,SS,31.0,0.7865013480186462
641343,Jake Bauers,1B,25,0,518692.0,Freddie Freeman,1B,32.0,0.46274203062057495,,,,,,,,,,
641355,Cody Bellinger,OF,26,0,624585.0,Jorge Soler,OF,30.0,0.822487473487854,592206.0,Nick Castellanos,OF,30.0,0.6958076357841492,607680.0,Kevin Pillar,OF,33.0,0.6694295406341553
641432,Willie Calhoun,1B,27,0,518692.0,Freddie Freeman,1B,32.0,0.4358537495136261,,,,,,,,,,
641487,J.P. Crawford,SS,27,0,608369.0,Corey Seager,SS,28.0,0.6435256004333496,621043.0,Carlos Correa,SS,27.0,0.634454607963562,595879.0,Javier Báez,SS,29.0,0.6340134143829346
641505,Jonathan Davis,OF,30,0,607680.0,Kevin Pillar,OF,33.0,0.7313761115074158,624585.0,Jorge Soler,OF,30.0,0.36507341265678406,592206.0,Nick Castellanos,OF,30.0,0.2748507559299469
641531,Hunter Dozier,1B,30,0,518692.0,Freddie Freeman,1B,32.0,0.8898208737373352,,,,,,,,,,
641553,Adam Engel,OF,30,0,607680.0,Kevin Pillar,OF,33.0,0.7417447566986084,592206.0,Nick Castellanos,OF,30.0,0.32557016611099243,624585.0,Jorge Soler,OF,30.0,0.23154883086681366
641584,Jake Fraley,OF,27,0,607680.0,Kevin Pillar,OF,33.0,0.8174021244049072,624585.0,Jorge Soler,OF,30.0,0.4855458438396454,592206.0,Nick Castellanos,OF,30.0,0.47320836782455444
641598,Mitch Garver,C,31,0,,,,,,,,,,,,,,,
641645,Luis Guillorme,3B,27,0,592178.0,Kris Bryant,3B,30.0,0.5672624111175537,,,,,,,,,,
641658,Garrett Hampson,2B,27,0,456781.0,Donovan Solano,2B,34.0,0.6238949298858643,,,,,,,,,,
641680,Jonah Heim,C,27,0,,,,,,,,,,,,,,,
641796,Tim Locastro,OF,29,0,607680.0,Kevin Pillar,OF,33.0,0.7137777805328369,592206.0,Nick Castellanos,OF,30.0,0.08878082782030106,624585.0,Jorge Soler,OF,30.0,0.06553393602371216
641820,Trey Mancini,1B,30,0,518692.0,Freddie Freeman,1B,32.0,0.9602977633476257,,,,,,,,,,
641856,Billy McKinney,OF,27,0,607680.0,Kevin Pillar,OF,33.0,0.8843552470207214,592206.0,Nick Castellanos,OF,30.0,0.36857423186302185,624585.0,Jorge Soler,OF,30.0,0.34231793880462646
641857,Ryan McMahon,3B,27,0,592178.0,Kris Bryant,3B,30.0,0.8146826028823853,,,,,,,,,,
641933,Tyler O'Neill,INF,27,0,592626.0,Joc Pederson,INF,30.0,0.9186047911643982,656941.0,Kyle Schwarber,INF,29.0,0.8694264888763428,592696.0,Eddie Rosario,INF,30.0,0.8250569701194763
642086,Dominic Smith,1B,27,0,518692.0,Freddie Freeman,1B,32.0,0.5717028379440308,,,,,,,,,,
642133,Rowdy Tellez,1B,27,0,518692.0,Freddie Freeman,1B,32.0,0.8039917349815369,,,,,,,,,,
642136,Matt Thaiss,C,27,0,,,,,,,,,,,,,,,
642162,Pat Valaika,SS,28,0,608369.0,Corey Seager,SS,28.0,0.4624348282814026,621043.0,Carlos Correa,SS,27.0,0.416572630405426,543760.0,Marcus Semien,SS,31.0,0.3812035024166107
642180,Tyler Wade,2B,27,0,456781.0,Donovan Solano,2B,34.0,0.613204836845398,,,,,,,,,,
642201,Eli White,OF,28,0,607680.0,Kevin Pillar,OF,33.0,0.7281539440155029,624585.0,Jorge Soler,OF,30.0,0.4259524345397949,592206.0,Nick Castellanos,OF,30.0,0.4179846942424774
642336,Francisco Mejía,C,26,0,,,,,,,,,,,,,,,
642423,Magneuris Sierra,OF,26,0,607680.0,Kevin Pillar,OF,33.0,0.8330438137054443,592206.0,Nick Castellanos,OF,30.0,0.32789409160614014,624585.0,Jorge Soler,OF,30.0,0.3113851845264435
642708,Amed Rosario,SS,26,0,608369.0,Corey Seager,SS,28.0,0.7411677837371826,621043.0,Carlos Correa,SS,27.0,0.7266912460327148,595879.0,Javier Báez,SS,29.0,0.7083594799041748
642715,Willy Adames,SS,26,0,621043.0,Carlos Correa,SS,27.0,0.9653691053390503,608369.0,Corey Seager,SS,28.0,0.9614045023918152,595879.0,Javier Báez,SS,29.0,0.9575053453445435
642731,Thairo Estrada,2B,26,0,456781.0,Donovan Solano,2B,34.0,0.7204536199569702,,,,,,,,,,
642851,Austin Wynns,C,31,0,,,,,,,,,,,,,,,
643217,Andrew Benintendi,INF,27,0,592696.0,Eddie Rosario,INF,30.0,0.872061014175415,592626.0,Joc Pederson,INF,30.0,0.7657433152198792,656941.0,Kyle Schwarber,INF,29.0,0.6743860840797424
643265,Garrett Cooper,1B,31,0,518692.0,Freddie Freeman,1B,32.0,0.5608664751052856,,,,,,,,,,
643289,Mauricio Dubón,2B,27,0,456781.0,Donovan Solano,2B,34.0,0.7118494510650635,,,,,,,,,,
643376,Danny Jansen,C,27,0,,,,,,,,,,,,,,,
643393,Tony Kemp,2B,30,0,456781.0,Donovan Solano,2B,34.0,0.866552472114563,,,,,,,,,,
643396,Isiah Kiner-Falefa,2B,27,0,456781.0,Donovan Solano,2B,34.0,0.6559534072875977,,,,,,,,,,
643446,Jeff McNeil,2B,30,0,456781.0,Donovan Solano,2B,34.0,0.731611967086792,,,,,,,,,,
643565,Mike Tauchman,OF,30,0,607680.0,Kevin Pillar,OF,33.0,0.8099461197853088,624585.0,Jorge Soler,OF,30.0,0.26317933201789856,592206.0,Nick Castellanos,OF,30.0,0.19324779510498047
644433,Chadwick Tromp,C,27,0,,,,,,,,,,,,,,,
645277,Ozzie Albies,2B,25,0,456781.0,Donovan Solano,2B,34.0,0.5912308692932129,,,,,,,,,,
645302,Victor Robles,OF,25,0,607680.0,Kevin Pillar,OF,33.0,0.791686475276947,592206.0,Nick Castellanos,OF,30.0,0.5986996293067932,624585.0,Jorge Soler,OF,30.0,0.5099018216133118
645801,Mike Ford,1B,29,0,518692.0,Freddie Freeman,1B,32.0,0.5516304969787598,,,,,,,,,,
646240,Rafael Devers,DH,25,0,516782.0,Starling Marte,DH,33.0,0.8361209630966187,457705.0,Andrew McCutchen,DH,35.0,0.6392821073532104,,,,,
647304,Josh Naylor,1B,25,0,518692.0,Freddie Freeman,1B,32.0,0.8240692615509033,,,,,,,,,,
647351,Abraham Toro,1B,25,0,518692.0,Freddie Freeman,1B,32.0,0.7196775674819946,,,,,,,,,,
649557,Aledmys Díaz,SS,31,0,543760.0,Marcus Semien,SS,31.0,0.666930079460144,595879.0,Javier Báez,SS,29.0,0.654024600982666,596115.0,Trevor Story,SS,29.0,0.6349968910217285
649966,Luis Urías,SS,25,0,595879.0,Javier Báez,SS,29.0,0.888217031955719,596115.0,Trevor Story,SS,29.0,0.8733699321746826,621043.0,Carlos Correa,SS,27.0,0.8334522247314453
650333,Luis Arraez,2B,25,0,456781.0,Donovan Solano,2B,34.0,0.6739625334739685,,,,,,,,,,
650391,Eloy Jiménez,DH,25,0,516782.0,Starling Marte,DH,33.0,0.8973026275634766,457705.0,Andrew McCutchen,DH,35.0,0.7217686176300049,,,,,
650402,Gleyber Torres,2B,25,0,456781.0,Donovan Solano,2B,34.0,0.6593999862670898,,,,,,,,,,
650489,Willi Castro,2B,25,0,456781.0,Donovan Solano,2B,34.0,0.5721917748451233,,,,,,,,,,
650490,Yandy Díaz,1B,30,0,518692.0,Freddie Freeman,1B,32.0,0.6045315861701965,,,,,,,,,,
650859,Luis Rengifo,2B,25,0,456781.0,Donovan Solano,2B,34.0,0.6570930480957031,,,,,,,,,,
656185,Greg Allen,OF,29,0,607680.0,Kevin Pillar,OF,33.0,0.7852683067321777,624585.0,Jorge Soler,OF,30.0,0.31806105375289917,592206.0,Nick Castellanos,OF,30.0,0.29565995931625366
656305,Matt Chapman,3B,29,0,592178.0,Kris Bryant,3B,30.0,0.9053828120231628,,,,,,,,,,
656537,Derek Hill,OF,26,0,607680.0,Kevin Pillar,OF,33.0,0.6548205614089966,624585.0,Jorge Soler,OF,30.0,0.4397794008255005,592206.0,Nick Castellanos,OF,30.0,0.40115293860435486
656541,Sam Hilliard,OF,28,0,607680.0,Kevin Pillar,OF,33.0,0.665337085723877,624585.0,Jorge Soler,OF,30.0,0.41098201274871826,592206.0,Nick Castellanos,OF,30.0,0.33063697814941406
656555,Rhys Hoskins,1B,29,0,518692.0,Freddie Freeman,1B,32.0,0.8115437626838684,,,,,,,,,,
656577,Alex Jackson,C,26,0,,,,,,,,,,,,,,,
656582,Connor Joe,OF,29,0,607680.0,Kevin Pillar,OF,33.0,0.6870481967926025,592206.0,Nick Castellanos,OF,30.0,0.2339312732219696,624585.0,Jorge Soler,OF,30.0,0.23362550139427185
656669,Jordan Luplow,OF,28,0,607680.0,Kevin Pillar,OF,33.0,0.7468931078910828,624585.0,Jorge Soler,OF,30.0,0.6986142992973328,592206.0,Nick Castellanos,OF,30.0,0.5881838202476501
656716,Zach McKinstry,3B,27,0,592178.0,Kris Bryant,3B,30.0,0.6503934264183044,,,,,,,,,,
656775,Cedric Mullins,OF,27,0,592206.0,Nick Castellanos,OF,30.0,0.8182037472724915,624585.0,Jorge Soler,OF,30.0,0.8111186027526855,607680.0,Kevin Pillar,OF,33.0,0.6949405670166016
656811,Ryan O'Hearn,1B,28,0,518692.0,Freddie Freeman,1B,32.0,0.5052217245101929,,,,,,,,,,
656941,Kyle Schwarber,INF,29,1,592626.0,Joc Pederson,INF,30.0,0.8726576566696167,592696.0,Eddie Rosario,INF,30.0,0.7458318471908569,621035.0,Chris Taylor,INF,31.0,0.7394413948059082
656976,Pavin Smith,1B,26,0,518692.0,Freddie Freeman,1B,32.0,0.6014596819877625,,,,,,,,,,
657041,Lane Thomas,OF,26,0,607680.0,Kevin Pillar,OF,33.0,0.7830771207809448,624585.0,Jorge Soler,OF,30.0,0.7057302594184875,592206.0,Nick Castellanos,OF,30.0,0.6600023508071899
657061,Cole Tucker,SS,25,0,608369.0,Corey Seager,SS,28.0,0.37784555554389954,621043.0,Carlos Correa,SS,27.0,0.3456457555294037,595879.0,Javier Báez,SS,29.0,0.2393135130405426
657077,Alex Verdugo,INF,26,0,592696.0,Eddie Rosario,INF,30.0,0.816765546798706,592626.0,Joc Pederson,INF,30.0,0.8040362596511841,656941.0,Kyle Schwarber,INF,29.0,0.7211822271347046
657557,Paul DeJong,3B,28,0,592178.0,Kris Bryant,3B,30.0,0.7959514260292053,,,,,,,,,,
657656,Ramón Laureano,OF,27,0,592206.0,Nick Castellanos,OF,30.0,0.8639566898345947,624585.0,Jorge Soler,OF,30.0,0.8591588139533997,607680.0,Kevin Pillar,OF,33.0,0.7521297931671143
660162,Yoán Moncada,3B,27,0,592178.0,Kris Bryant,3B,30.0,0.8907320499420166,,,,,,,,,,
660670,Ronald Acuña Jr.,OF,24,0,624585.0,Jorge Soler,OF,30.0,0.9550435543060303,592206.0,Nick Castellanos,OF,30.0,0.9343288540840149,607680.0,Kevin Pillar,OF,33.0,0.5127366185188293
660688,Keibert Ruiz,C,23,0,,,,,,,,,,,,,,,
660821,Jesús Sánchez,OF,24,0,607680.0,Kevin Pillar,OF,33.0,0.6870631575584412,624585.0,Jorge Soler,OF,30.0,0.6736774444580078,592206.0,Nick Castellanos,OF,30.0,0.6420587301254272
661388,William Contreras,C,24,0,,,,,,,,,,,,,,,
662139,Daulton Varsho,OF,25,0,624585.0,Jorge Soler,OF,30.0,0.9319051504135132,592206.0,Nick Castellanos,OF,30.0,0.8725900650024414,607680.0,Kevin Pillar,OF,33.0,0.563896119594574
663538,Nico Hoerner,2B,25,0,456781.0,Donovan Solano,2B,34.0,0.7515746355056763,,,,,,,,,,
663586,Austin Riley,3B,25,0,592178.0,Kris Bryant,3B,30.0,0.8531261682510376,,,,,,,,,,
663624,Ryan Mountcastle,1B,25,0,518692.0,Freddie Freeman,1B,32.0,0.863310694694519,,,,,,,,,,
663647,Ke'Bryan Hayes,3B,25,0,592178.0,Kris Bryant,3B,30.0,0.734946608543396,,,,,,,,,,
663656,Kyle Tucker,OF,25,0,624585.0,Jorge Soler,OF,30.0,0.9246726036071777,592206.0,Nick Castellanos,OF,30.0,0.918254017829895,607680.0,Kevin Pillar,OF,33.0,0.6055025458335876
663698,Joey Bart,C,25,0,,,,,,,,,,,,,,,
663757,Trent Grisham,OF,25,0,624585.0,Jorge Soler,OF,30.0,0.7304269075393677,592206.0,Nick Castellanos,OF,30.0,0.6841535568237305,607680.0,Kevin Pillar,OF,33.0,0.64457106590271
663886,Tyler Stephenson,C,25,0,,,,,,,,,,,,,,,
663898,Brendan Rodgers,SS,25,0,621043.0,Carlos Correa,SS,27.0,0.6780641078948975,608369.0,Corey Seager,SS,28.0,0.6778145432472229,595879.0,Javier Báez,SS,29.0,0.6213710308074951
663993,Nathaniel Lowe,1B,26,0,518692.0,Freddie Freeman,1B,32.0,0.8498865962028503,,,,,,,,,,
664023,Ian Happ,OF,27,0,592206.0,Nick Castellanos,OF,30.0,0.9808231592178345,624585.0,Jorge Soler,OF,30.0,0.9453457593917847,607680.0,Kevin Pillar,OF,33.0,0.6329076886177063
664034,Ty France,1B,27,0,518692.0,Freddie Freeman,1B,32.0,0.9567031860351562,,,,,,,,,,
664040,Brandon Lowe,2B,27,0,456781.0,Donovan Solano,2B,34.0,0.722680926322937,,,,,,,,,,
664056,Harrison Bader,OF,28,0,607680.0,Kevin Pillar,OF,33.0,0.7950965166091919,592206.0,Nick Castellanos,OF,30.0,0.7743338942527771,624585.0,Jorge Soler,OF,30.0,0.7036232948303223
664057,Andrew Stevenson,OF,27,0,607680.0,Kevin Pillar,OF,33.0,0.7605377435684204,624585.0,Jorge Soler,OF,30.0,0.36693233251571655,592206.0,Nick Castellanos,OF,30.0,0.3396047353744507
664058,David Fletcher,2B,28,0,456781.0,Donovan Solano,2B,34.0,0.7679286599159241,,,,,,,,,,
664059,Sam Haggerty,OF,28,0,607680.0,Kevin Pillar,OF,33.0,0.8023881316184998,624585.0,Jorge Soler,OF,30.0,0.5534549951553345,592206.0,Nick Castellanos,OF,30.0,0.5214737057685852
664068,Scott Kingery,2B,28,0,456781.0,Donovan Solano,2B,34.0,0.7166135907173157,,,,,,,,,,
664238,Dylan Moore,3B,29,0,592178.0,Kris Bryant,3B,30.0,0.8174614310264587,,,,,,,,,,
664702,Myles Straw,OF,27,0,607680.0,Kevin Pillar,OF,33.0,0.688866138458252,592206.0,Nick Castellanos,OF,30.0,0.1989021599292755,624585.0,Jorge Soler,OF,30.0,0.11049393564462662
664761,Alec Bohm,3B,25,0,592178.0,Kris Bryant,3B,30.0,0.8354870080947876,,,,,,,,,,
664774,LaMonte Wade Jr.,OF,28,0,607680.0,Kevin Pillar,OF,33.0,0.9040564894676208,624585.0,Jorge Soler,OF,30.0,0.7619271278381348,592206.0,Nick Castellanos,OF,30.0,0.7058717012405396
664901,Danny Mendick,SS,28,0,621043.0,Carlos Correa,SS,27.0,0.5213150382041931,608369.0,Corey Seager,SS,28.0,0.4844313859939575,543760.0,Marcus Semien,SS,31.0,0.4647951126098633
664913,Seth Brown,OF,29,0,607680.0,Kevin Pillar,OF,33.0,0.8088836669921875,624585.0,Jorge Soler,OF,30.0,0.75745689868927,592206.0,Nick Castellanos,OF,30.0,0.5904386043548584
665120,Jared Walsh,1B,28,0,518692.0,Freddie Freeman,1B,32.0,0.7346988916397095,,,,,,,,,,
665487,Fernando Tatis Jr.,OF,22,0,624585.0,Jorge Soler,OF,30.0,0.9254523515701294,592206.0,Nick Castellanos,OF,30.0,0.8668938875198364,607680.0,Kevin Pillar,OF,33.0,0.5119202136993408
665489,Vladimir Guerrero Jr.,1B,23,0,518692.0,Freddie Freeman,1B,32.0,0.9389783143997192,,,,,,,,,,
665742,Juan Soto,OF,23,0,607680.0,Kevin Pillar,OF,33.0,0.6802830100059509,624585.0,Jorge Soler,OF,30.0,0.5881929397583008,592206.0,Nick Castellanos,OF,30.0,0.4763922095298767
665750,Leody Taveras,OF,23,0,607680.0,Kevin Pillar,OF,33.0,0.6719051003456116,624585.0,Jorge Soler,OF,30.0,0.4877620041370392,592206.0,Nick Castellanos,OF,30.0,0.4610555171966553
665862,Jazz Chisholm Jr.,2B,24,0,456781.0,Donovan Solano,2B,34.0,0.6154714822769165,,,,,,,,,,
665926,Andrés Giménez,2B,23,0,456781.0,Donovan Solano,2B,34.0,0.7718505859375,,,,,,,,,,
666158,Gavin Lux,OF,24,0,607680.0,Kevin Pillar,OF,33.0,0.7707884311676025,592206.0,Nick Castellanos,OF,30.0,0.6110275983810425,624585.0,Jorge Soler,OF,30.0,0.5256741642951965
666160,Mickey Moniak,OF,24,0,607680.0,Kevin Pillar,OF,33.0,0.6309581995010376,624585.0,Jorge Soler,OF,30.0,0.5405043363571167,592206.0,Nick Castellanos,OF,30.0,0.4097443222999573
666176,Jo Adell,OF,23,0,607680.0,Kevin Pillar,OF,33.0,0.6863270998001099,592206.0,Nick Castellanos,OF,30.0,0.43164271116256714,624585.0,Jorge Soler,OF,30.0,0.42771029472351074
666182,Bo Bichette,2B,24,0,456781.0,Donovan Solano,2B,34.0,0.6610339879989624,,,,,,,,,,
666185,Dylan Carlson,OF,23,0,592206.0,Nick Castellanos,OF,30.0,0.7354035973548889,624585.0,Jorge Soler,OF,30.0,0.7313445806503296,607680.0,Kevin Pillar,OF,33.0,0.6774954795837402
666915,Bobby Dalbec,1B,27,0,518692.0,Freddie Freeman,1B,32.0,0.8798863291740417,,,,,,,,,,
666969,Adolis García,OF,29,0,624585.0,Jorge Soler,OF,30.0,0.9525803327560425,592206.0,Nick Castellanos,OF,30.0,0.8731580972671509,607680.0,Kevin Pillar,OF,33.0,0.6533541679382324
666971,Lourdes Gurriel Jr.,INF,28,0,621035.0,Chris Taylor,INF,31.0,0.8961261510848999,592696.0,Eddie Rosario,INF,30.0,0.815788984298706,592626.0,Joc Pederson,INF,30.0,0.7730083465576172
667670,Brent Rooker,OF,27,0,607680.0,Kevin Pillar,OF,33.0,0.6757344603538513,592206.0,Nick Castellanos,OF,30.0,0.43366512656211853,624585.0,Jorge Soler,OF,30.0,0.4238421320915222
668227,Randy Arozarena,OF,27,0,592206.0,Nick Castellanos,OF,30.0,0.890205442905426,624585.0,Jorge Soler,OF,30.0,0.8617422580718994,607680.0,Kevin Pillar,OF,33.0,0.6465926170349121
668800,Andrew Knizner,C,27,0,,,,,,,,,,,,,,,
668804,Bryan Reynolds,OF,27,0,592206.0,Nick Castellanos,OF,30.0,0.9407792091369629,624585.0,Jorge Soler,OF,30.0,0.9367689490318298,607680.0,Kevin Pillar,OF,33.0,0.5175168514251709
668942,Josh Rojas,3B,28,0,592178.0,Kris Bryant,3B,30.0,0.7358565330505371,,,,,,,,,,
669134,Luis Campusano,C,23,0,,,,,,,,,,,,,,,
669221,Sean Murphy,C,27,0,,,,,,,,,,,,,,,
669222,Nick Senzel,3B,27,0,592178.0,Kris Bryant,3B,30.0,0.5559670925140381,,,,,,,,,,
669242,Tommy Edman,2B,27,0,456781.0,Donovan Solano,2B,34.0,0.7581195831298828,,,,,,,,,,
669256,Nick Solak,1B,27,0,518692.0,Freddie Freeman,1B,32.0,0.3087807893753052,,,,,,,,,,
669289,Santiago Espinal,3B,27,0,592178.0,Kris Bryant,3B,30.0,0.8231223821640015,,,,,,,,,,
669374,Keston Hiura,1B,25,0,518692.0,Freddie Freeman,1B,32.0,0.7990466952323914,,,,,,,,,,
669720,Austin Hays,INF,26,0,592696.0,Eddie Rosario,INF,30.0,0.8181272149085999,592626.0,Joc Pederson,INF,30.0,0.7435681223869324,656941.0,Kyle Schwarber,INF,29.0,0.621406614780426
670032,Nicky Lopez,3B,27,0,592178.0,Kris Bryant,3B,30.0,0.5511087775230408,,,,,,,,,,
670541,Yordan Alvarez,OF,25,0,624585.0,Jorge Soler,OF,30.0,0.9499046802520752,592206.0,Nick Castellanos,OF,30.0,0.9096977710723877,607680.0,Kevin Pillar,OF,33.0,0.4930914342403412
670623,Isaac Paredes,3B,23,0,592178.0,Kris Bryant,3B,30.0,0.754582941532135,,,,,,,,,,
671277,Luis García Jr.,2B,22,0,456781.0,Donovan Solano,2B,34.0,0.40802258253097534,,,,,,,,,,
672386,Alejandro Kirk,C,23,0,,,,,,,,,,,,,,,
672578,Carlos Hernández,C,25,0,,,,,,,,,,,,,,,
673357,Luis Robert Jr.,OF,24,0,592206.0,Nick Castellanos,OF,30.0,0.8888307809829712,624585.0,Jorge Soler,OF,30.0,0.8290102481842041,607680.0,Kevin Pillar,OF,33.0,0.6925963163375854
680777,Ryan Jeffers,C,25,0,,,,,,,,,,,,,,,
