player_name_key,Name,NameASCII,Season,Team,WAR,IP,GS,G,FIP,K%,HR/9,Age,career_year,starter_flag,full_starter_flag,reliever_flag,workhorse_IP_ge150,elite_WAR_ge3,strong_FIP_le3_5,high_Kpct_ge25,pitcher_persistence_score,actual_WAR_next3_avg,pred_WAR_next3_avg
aaronbummer,Aaron Bummer,Aaron Bummer,2022,CHW,0.306724936,26.2,0,32,3.187431025,0.25641026,0.675000209,28,6.0,0,0,1,0,0,1,1,7,0.7558736899999999,0.255095223282435
aaroncivale,Aaron Civale,Aaron Civale,2022,CLE,1.252602458,97.0,20,20,3.865008321,0.24078624,1.298969072,27,4.0,1,1,0,0,0,0,0,1,1.4587440736666666,1.418782788205177
aaronnola,Aaron Nola,Aaron Nola,2022,PHI,6.296249866,205.0,32,32,2.580723685,0.29120198,0.834146341,29,8.0,1,1,0,1,1,1,1,13,2.624369184,2.94930958106622
adamottavino,Adam Ottavino,Adam Ottavino,2022,NYM,1.139841676,65.2,0,66,2.853547713,0.30620155,0.822335153,36,13.0,0,0,1,0,0,1,1,6,0.12059960756666667,0.8296298654042872
adrianhouser,Adrian Houser,Adrian Houser,2022,MIL,1.034908723,102.2,21,22,4.21308038,0.15164835,0.701298719,29,8.0,1,1,0,0,0,0,0,1,1.289817923,1.0462162420942456
adrianmorejon,Adrian Morejon,Adrian Morejon,2022,SDP,0.233132899,34.0,0,26,3.87713697,0.19858156,1.058823648,23,4.0,0,0,1,0,0,0,0,1,1.1267862497666667,0.5433745478406354
ajminter,A.J. Minter,A.J. Minter,2022,ATL,2.037213326,70.0,0,75,2.126716609,0.34686347,0.642857213,28,6.0,0,0,1,0,0,1,1,6,0.5684773190666667,0.6448837678868208
ajpuk,A.J. Puk,A.J. Puk,2022,OAK,0.267320901,66.1,0,62,3.685295433,0.27046263,0.949748926,27,4.0,0,0,1,0,0,0,1,4,0.87626742094,0.80169457973664
alexvesia,Alex Vesia,Alex Vesia,2022,LAD,1.506102681,54.1,0,63,2.118565738,0.34801762,0.331288421,26,3.0,0,0,1,0,0,1,1,3,0.9389453529999999,0.6271599605615895
andresmunoz,Andrés Muñoz,Andres Munoz,2022,SEA,1.854602337,65.0,0,64,2.035507798,0.38709677,0.692307774,23,4.0,0,0,1,0,0,1,1,5,1.2470759153333333,1.2376749617310083
andrewchafin,Andrew Chafin,Andrew Chafin,2022,DET,0.922680855,57.1,0,64,3.060105409,0.27572016,0.784883895,32,9.0,0,0,1,0,0,1,1,6,0.42614374566666663,0.5272503908636466
andrewheaney,Andrew Heaney,Andrew Heaney,2022,LAD,1.138494253,72.2,14,16,3.745458547,0.35483871,1.733945015,31,9.0,1,0,0,0,0,0,1,4,1.0196770876666668,1.360022559262483
andrewkittredge,Andrew Kittredge,Andrew Kittredge,2022,TBR,-0.138537899,20.0,0,17,4.612431145,0.18666667,1.800000172,32,6.0,0,0,1,0,0,0,0,4,0.4220055143333334,0.38890408918707786
anthonybanda,Anthony Banda,Anthony Banda,2022,- - -,-0.00300429552,26.2,1,32,4.499931387,0.22222222,1.350000375,28,6.0,0,0,1,0,0,0,0,1,0.18855677413333335,0.050469915748734405
anthonymisiewicz,Anthony Misiewicz,Anthony Misiewicz,2022,- - -,0.00588852912,29.0,0,32,4.077948465,0.2231405,1.241379596,27,3.0,0,0,1,0,0,0,0,2,-0.09768637941666668,0.33211099472439687
antoniosenzatela,Antonio Senzatela,Antonio Senzatela,2022,COL,1.383551121,92.1,19,19,4.054669321,0.13075061,0.877256366,27,6.0,1,0,0,0,0,0,0,2,-0.12242123966666667,0.22738504209410557
aroldischapman,Aroldis Chapman,Aroldis Chapman,2022,NYY,-0.186923623,36.1,0,43,4.571146802,0.26875,0.990825827,34,13.0,0,0,1,0,0,0,1,6,1.823798338666667,0.6544356678960201
austingomber,Austin Gomber,Austin Gomber,2022,COL,0.858286858,124.2,17,33,4.540238605,0.17958412,1.443850385,28,5.0,1,0,0,0,0,0,0,0,0.6101700863333334,0.7072886560499347
blakesnell,Blake Snell,Blake Snell,2022,SDP,3.622485876,128.0,24,24,2.799931002,0.31962617,0.7734375,29,7.0,1,1,0,0,1,1,1,7,3.036629001333333,1.3870340777075418
bradkeller,Brad Keller,Brad Keller,2022,KCR,0.782822527,139.2,22,35,4.501452564,0.16531605,1.095465459,26,5.0,1,1,0,0,0,0,0,2,0.24022084866666668,0.8974156077867393
bradysinger,Brady Singer,Brady Singer,2022,KCR,2.95507454,153.1,24,27,3.581996252,0.24154589,1.056521814,25,3.0,1,1,0,1,0,0,0,1,2.418353041,1.8604480136343229
brentsuter,Brent Suter,Brent Suter,2022,MIL,-0.172548681,66.2,0,54,4.402431199,0.19485294,1.215000185,32,7.0,0,0,1,0,0,0,0,3,0.5256294760333333,0.27664470090590015
brooksraley,Brooks Raley,Brooks Raley,2022,TBR,0.968500137,53.2,0,60,2.739760097,0.27853881,0.503105721,34,11.0,0,0,1,0,0,1,1,5,0.5767471590000001,0.36385139517843823
bryanabreu,Bryan Abreu,Bryan Abreu,2022,HOU,1.378959656,60.1,0,55,2.117955717,0.35483871,0.298342585,25,4.0,0,0,1,0,0,1,1,4,1.5418525336666669,0.5937877088119025
brysewilson,Bryse Wilson,Bryse Wilson,2022,PIT,-0.15345231,115.2,20,25,5.057676065,0.15520629,1.556196051,24,5.0,1,1,0,0,0,0,0,0,-0.14751355066666666,0.18728467053864817
calebferguson,Caleb Ferguson,Caleb Ferguson,2022,LAD,0.459988333,34.2,1,37,2.997046365,0.26056338,0.259615432,25,5.0,0,0,1,0,0,1,1,5,0.8057195103333333,0.70183879252968
calebthielbar,Caleb Thielbar,Caleb Thielbar,2022,MIN,1.631551504,59.1,0,67,2.421419573,0.32653061,0.758427178,35,10.0,0,0,1,0,0,1,1,8,0.47250563900000003,0.598223113656351
calquantrill,Cal Quantrill,Cal Quantrill,2022,CLE,2.057190657,186.1,32,32,4.121375573,0.16623377,1.014311298,27,4.0,1,1,0,1,0,0,0,1,0.545644025,1.0156888849674661
carledwardsjr,Carl Edwards Jr.,Carl Edwards Jr.,2022,WSN,0.0988888517,62.0,0,57,4.241463329,0.21875,1.161290394,30,,0,0,1,0,0,0,0,2,0.12906018773333333,0.2010561724365507
carloscarrasco,Carlos Carrasco,Carlos Carrasco,2022,NYM,2.506972075,152.0,29,29,3.533483676,0.23565891,1.006579048,35,14.0,1,1,0,1,0,0,0,3,-0.10043116933333333,1.1413019087953256
carlosestevez,Carlos Estévez,Carlos Estevez,2022,COL,0.326481014,57.0,0,62,4.077343412,0.22978723,1.105263306,29,7.0,0,0,1,0,0,0,0,1,1.0321104676666666,0.37762559913320937
carloshernandez,Carlos Hernández,Carlos Hernandez,2022,KCR,-0.12831917,56.0,7,27,5.201716929,0.13157895,1.125000115,25,3.0,0,0,1,0,0,0,0,0,0.20625449466666668,0.6647583988837751
carlosrodon,Carlos Rodón,Carlos Rodon,2022,SFG,6.230337143,178.0,31,31,2.25288044,0.33380282,0.606741573,29,8.0,1,1,0,1,1,1,1,8,1.575218012,2.7231340611796284
chadgreen,Chad Green,Chad Green,2022,NYY,0.332628876,15.0,0,14,2.845764301,0.25806452,0.600000076,31,7.0,0,0,1,0,0,1,1,6,-0.1973965888,0.40511798661665865
charliemorton,Charlie Morton,Charlie Morton,2022,ATL,1.407129169,172.0,31,31,4.257779839,0.28159341,1.465116279,38,15.0,1,1,0,1,0,0,1,11,1.3685288703333331,1.760396496594756
chrisbassitt,Chris Bassitt,Chris Bassitt,2022,NYM,2.836806536,181.2,30,30,3.657385161,0.22416107,0.941284456,33,9.0,1,1,0,1,0,0,0,4,2.4524141736666665,1.9648225911726258
chrisdevenski,Chris Devenski,Chris Devenski,2022,- - -,-0.0230048671,14.2,0,13,4.544249432,0.17910448,1.84090941,31,7.0,0,0,1,0,0,0,0,0,0.00047592100000000875,0.17634359353719337
chrisflexen,Chris Flexen,Chris Flexen,2022,SEA,0.583515555,137.2,22,33,4.492576286,0.16101695,1.11138015,27,6.0,1,1,0,0,0,0,0,1,0.17535215600000006,1.0466219897476243
chrismartin,Chris Martin,Chris Martin,2022,- - -,1.596621394,56.0,0,60,2.183859415,0.32888889,0.964285879,36,9.0,0,0,1,0,0,1,1,7,0.9780662456666667,0.9001151634234774
chrispaddack,Chris Paddack,Chris Paddack,2022,MIN,0.92972064,22.1,5,5,1.724371221,0.21505376,0.0,26,4.0,0,0,1,0,0,1,0,2,0.6066554139333334,1.1664036680481853
chrissale,Chris Sale,Chris Sale,2022,BOS,0.16106531,5.2,2,2,2.40654857,0.2,0.0,33,13.0,0,0,1,0,0,1,0,9,4.043028707333334,0.5246710116227647
chrisstratton,Chris Stratton,Chris Stratton,2022,- - -,0.717307236,63.1,1,60,3.31769421,0.21505376,0.568421192,31,7.0,0,0,1,0,0,1,0,4,0.28381377523333334,0.3844344163693462
cionelperez,Cionel Pérez,Cionel Perez,2022,BAL,0.986351848,57.2,0,66,2.800292177,0.23504274,0.312138825,26,5.0,0,0,1,0,0,1,0,2,0.30716701366666666,0.045606723996914844
clarkeschmidt,Clarke Schmidt,Clarke Schmidt,2022,NYY,0.511334751,57.2,3,29,3.597980172,0.23728814,0.780346881,26,3.0,0,0,1,0,0,0,0,0,1.6101028043333334,0.49966237649341233
clayholmes,Clay Holmes,Clay Holmes,2022,NYY,1.160158873,63.2,0,62,2.845415252,0.25,0.282722558,29,5.0,0,0,1,0,0,1,1,5,1.543697012,0.5962828149908173
claytonkershaw,Clayton Kershaw,Clayton Kershaw,2022,LAD,3.85917592,126.1,22,22,2.566256837,0.27789047,0.712401084,34,15.0,1,1,0,0,1,1,1,11,1.8716702109999999,2.1525860726561334
colesulser,Cole Sulser,Cole Sulser,2022,MIA,-0.115957752,34.0,0,39,4.583019567,0.25503356,1.588235651,32,4.0,0,0,1,0,0,0,1,5,0.11436371000000001,0.16331722147567687
connorbrogdon,Connor Brogdon,Connor Brogdon,2022,PHI,0.561853349,44.0,0,47,3.430612875,0.26595745,1.22727294,27,3.0,0,0,1,0,0,1,1,3,-0.3257424743333333,0.39115065813334604
corbinburnes,Corbin Burnes,Corbin Burnes,2022,MIL,4.58866024,202.0,33,33,3.137183477,0.30489335,1.024752475,27,5.0,1,1,0,1,1,1,1,11,2.6600859163333337,2.371568880035013
craigkimbrel,Craig Kimbrel,Craig Kimbrel,2022,LAD,0.881312251,60.0,0,63,3.229097676,0.27692308,0.600000038,34,13.0,0,0,1,0,0,1,1,6,0.4273826921883334,0.5037731746913136
cristianjavier,Cristian Javier,Cristian Javier,2022,HOU,3.360750437,148.2,25,30,3.159516205,0.33162393,1.029148026,25,3.0,1,1,0,0,1,1,1,5,1.0417694153333334,1.926083187252257
danedunning,Dane Dunning,Dane Dunning,2022,TEX,0.890951455,153.1,29,29,4.449387568,0.20417288,1.173913082,27,3.0,1,1,0,1,0,0,0,1,0.5832310728,0.7329189390900107
dannycoulombe,Danny Coulombe,Danny Coulombe,2022,MIN,0.0292908661,12.1,0,10,3.842160863,0.16981132,0.0,32,9.0,0,0,1,0,0,0,0,1,0.8677692836666667,0.050379562931193854
davidbednar,David Bednar,David Bednar,2022,PIT,1.445097446,51.2,0,45,2.435011563,0.32857143,0.696774279,27,4.0,0,0,1,0,0,1,1,5,1.3955752603333333,0.4511857162287903
davidpeterson,David Peterson,David Peterson,2022,NYM,1.5318055,105.2,19,28,3.642399507,0.27753304,0.936908608,26,3.0,1,0,0,0,0,0,1,1,2.0367164166666663,1.4789326074877662
davidrobertson,David Robertson,David Robertson,2022,- - -,0.715181351,63.2,0,58,3.583635209,0.30681818,0.848167573,37,15.0,0,0,1,0,0,0,1,4,0.9799269663333333,0.5667601160581096
deankremer,Dean Kremer,Dean Kremer,2022,BAL,1.808117732,125.1,21,22,3.798601258,0.16992188,0.789893667,26,3.0,1,1,0,0,0,0,0,2,1.865555835,1.2329395988489507
dennissantana,Dennis Santana,Dennis Santana,2022,TEX,0.674115933,58.2,1,63,3.351067438,0.21176471,0.306818275,26,5.0,0,0,1,0,0,1,0,1,0.737173669,0.20429183740937368
devinwilliams,Devin Williams,Devin Williams,2022,MIL,2.215371132,60.2,0,65,2.008035282,0.4,0.296703328,27,4.0,0,0,1,0,0,1,1,6,1.3320026596666665,1.0247795576718914
drewrasmussen,Drew Rasmussen,Drew Rasmussen,2022,TBR,2.969187737,146.0,28,28,3.256266618,0.2140411,0.801369863,26,3.0,1,1,0,0,0,1,0,3,1.6575449606666668,1.7309393272869726
dylancease,Dylan Cease,Dylan Cease,2022,CHW,4.373884678,184.0,32,32,3.096126654,0.3038822,0.782608696,26,4.0,1,1,0,1,1,1,1,8,3.906891187,2.82639131659427
eduardorodriguez,Eduardo Rodriguez,Eduardo Rodriguez,2022,DET,0.636550248,91.0,17,17,4.431112431,0.18414322,1.186813286,29,8.0,1,0,0,0,0,0,0,7,1.5410089790000001,1.5513425028345216
emiliopagan,Emilio Pagán,Emilio Pagan,2022,MIN,-0.0676352233,63.0,0,59,4.207669163,0.30656934,1.714285818,31,6.0,0,0,1,0,0,0,1,5,0.8990005886666665,0.38821294305600695
emmanuelclase,Emmanuel Clase,Emmanuel Clase,2022,CLE,2.343382835,72.2,0,77,1.983990595,0.28413284,0.371559646,24,4.0,0,0,1,0,0,1,1,5,1.6939682566666665,0.9285713028838924
enyeldelossantos,Enyel De Los Santos,Enyel De Los Santos,2022,CLE,0.971767902,53.1,0,50,2.624930885,0.28372093,0.506250121,26,5.0,0,0,1,0,0,1,1,3,0.06281862666666665,0.1630375888539276
erasmoramirez,Erasmo Ramírez,Erasmo Ramirez,2022,WSN,0.316147119,86.1,2,60,4.050654995,0.17579251,1.146718214,32,11.0,0,0,1,0,0,0,0,0,-0.30741471666666664,0.15927256609904467
erikswanson,Erik Swanson,Erik Swanson,2022,SEA,1.717456218,53.2,1,57,1.845350106,0.33980583,0.50310565,28,4.0,0,0,1,0,0,1,1,2,0.008341535666666677,0.5616551290039523
evanphillips,Evan Phillips,Evan Phillips,2022,LAD,2.188802958,63.0,0,64,1.937827685,0.3304721,0.28571432,27,5.0,0,0,1,0,0,1,1,4,0.7891102086666667,0.7921502082580979
frambervaldez,Framber Valdez,Framber Valdez,2022,HOU,4.39162159,201.1,31,31,3.057795239,0.23458283,0.491721867,28,5.0,1,1,0,1,1,1,0,5,4.033779064666667,2.5679762819400613
frankiemontas,Frankie Montas,Frankie Montas,2022,- - -,2.023764431,144.1,27,27,3.784486453,0.23355263,1.122401887,29,8.0,1,1,0,0,0,0,0,7,0.4254469379166666,1.1669387570459269
freddyperalta,Freddy Peralta,Freddy Peralta,2022,MIL,1.964112066,78.0,17,18,3.061148947,0.27129338,0.692307743,26,5.0,1,0,0,0,0,1,1,8,2.9641826153333333,1.5348256636059372
gabespeier,Gabe Speier,Gabe Speier,2022,KCR,0.126445848,19.1,1,17,3.784844972,0.18181818,0.931034728,27,4.0,0,0,1,0,0,0,0,2,0.8180804949999999,0.24144337128073073
garrettcleavinger,Garrett Cleavinger,Garrett Cleavinger,2022,- - -,0.405950893,23.0,0,17,2.503735249,0.34782609,0.782608825,28,3.0,0,0,1,0,0,1,1,4,0.2731949589,0.49623900025477463
genesiscabrera,Génesis Cabrera,Genesis Cabrera,2022,STL,-0.777067721,44.2,0,39,5.619894259,0.16494845,1.611940666,25,4.0,0,0,1,0,0,0,0,3,-0.403931707,0.11953887573911544
germanmarquez,Germán Márquez,German Marquez,2022,COL,1.299904346,181.2,31,31,4.714265954,0.19255456,1.486238615,27,7.0,1,1,0,1,0,0,0,6,0.15460376943333334,1.4456529936341134
gregorysoto,Gregory Soto,Gregory Soto,2022,DET,0.560763061,60.1,0,64,3.593094026,0.22813688,0.298342567,27,4.0,0,0,1,0,0,0,0,2,0.7016400370000001,0.4745002648521345
hectorneris,Héctor Neris,Hector Neris,2022,HOU,1.631950736,65.1,0,70,2.34712482,0.30038023,0.413265338,33,9.0,0,0,1,0,0,1,1,6,0.26243012893333334,0.5470624616328787
hobymilner,Hoby Milner,Hoby Milner,2022,MIL,0.722564399,64.2,0,67,3.158822767,0.23529412,0.69587648,31,6.0,0,0,1,0,0,1,0,3,0.953730248,0.3175141439570478
hunterharvey,Hunter Harvey,Hunter Harvey,2022,WSN,0.987676442,39.1,0,38,2.070057986,0.2866242,0.228813589,27,4.0,0,0,1,0,0,1,1,3,0.8265469370000001,0.9082936511937545
iangibaut,Ian Gibaut,Ian Gibaut,2022,- - -,0.613334312,36.0,0,34,3.112431002,0.3,0.750000139,28,4.0,0,0,1,0,0,1,1,3,0.3405957193333333,0.22001678195714333
ianhamilton,Ian Hamilton,Ian Hamilton,2022,MIN,-0.115079693,2.2,0,1,9.112432432,0.0,3.375000805,27,5.0,0,0,1,0,0,0,0,0,0.6027952387333334,0.33704687606221206
jackflaherty,Jack Flaherty,Jack Flaherty,2022,STL,0.0130487923,36.0,8,9,4.973542113,0.19760479,1.0,26,6.0,0,0,1,0,0,0,0,6,2.5409009,1.2122454959955078
jacobbarnes,Jacob Barnes,Jacob Barnes,2022,- - -,-0.278860878,22.1,0,23,5.261685222,0.12371134,1.208955499,32,7.0,0,0,1,0,0,0,0,3,0.03967305615,0.3480628283319838
jacobdegrom,Jacob deGrom,Jacob deGrom,2022,NYM,2.231793642,64.1,11,11,2.133156313,0.42677824,1.259067457,34,9.0,1,0,0,0,0,1,1,11,1.745070388,1.59912762954994
jakewoodford,Jake Woodford,Jake Woodford,2022,STL,0.580846041,48.1,1,27,3.13312066,0.12765957,0.186206927,25,3.0,0,0,1,0,0,1,0,1,-0.18340413541666667,0.5383140623921454
jakobjunis,Jakob Junis,Jakob Junis,2022,SFG,1.335643649,112.0,17,23,3.648145287,0.20502092,1.044642857,29,6.0,1,0,0,0,0,0,0,1,0.726734576,1.0876576755450538
jalenbeeks,Jalen Beeks,Jalen Beeks,2022,TBR,0.599601656,61.0,7,42,3.489480217,0.28,1.032786982,28,5.0,0,0,1,0,0,1,1,4,0.42310914266666666,0.8038539067753817
jamesontaillon,Jameson Taillon,Jameson Taillon,2022,NYY,2.407186508,177.1,32,32,3.941378394,0.20741758,1.31954891,30,7.0,1,1,0,1,0,0,0,4,1.6607733416666666,1.6857496067608455
jasonadam,Jason Adam,Jason Adam,2022,TBR,1.294878006,63.1,0,67,2.859799387,0.3164557,0.710526416,30,5.0,0,0,1,0,0,1,1,5,0.983661741,0.37053785557809654
jeffhoffman,Jeff Hoffman,Jeff Hoffman,2022,CIN,0.225421228,44.2,1,35,4.298998385,0.2284264,1.007462873,29,7.0,0,0,1,0,0,0,0,0,1.0582082173333334,0.5205469656591201
jeffreysprings,Jeffrey Springs,Jeffrey Springs,2022,TBR,3.051784694,135.1,25,33,3.038539371,0.26229508,0.931034551,29,5.0,1,1,0,0,1,1,1,5,0.9517419586666667,1.3770001588688352
jessechavez,Jesse Chavez,Jesse Chavez,2022,- - -,0.720371608,69.1,1,60,3.386469502,0.25342466,1.038461686,38,15.0,0,0,1,0,0,1,1,4,0.07874656466666664,0.6053468544043005
jesusluzardo,Jesús Luzardo,Jesus Luzardo,2022,MIA,2.259614944,100.1,18,18,3.12239778,0.3,0.897010012,24,4.0,1,0,0,0,0,1,1,4,3.293912848,2.0961649184227964
jimmyherget,Jimmy Herget,Jimmy Herget,2022,LAA,1.574538618,69.0,1,49,2.822575897,0.23684211,0.521739188,28,4.0,0,0,1,0,0,1,0,3,0.3651260063,0.2135164989587277
joelpayamps,Joel Payamps,Joel Payamps,2022,- - -,0.17658928,55.2,0,41,4.244167677,0.17012448,1.131736676,28,4.0,0,0,1,0,0,0,0,0,0.5425478291333333,0.19749047674360792
joemantiply,Joe Mantiply,Joe Mantiply,2022,ARI,1.116291881,60.0,0,69,2.829097596,0.25102881,0.900000229,31,7.0,0,0,1,0,0,1,1,3,0.3297945856666667,0.3443216599393295
johnbrebbia,John Brebbia,John Brebbia,2022,SFG,0.903286576,68.0,11,76,3.318313401,0.1875,0.661764854,32,6.0,1,0,0,0,0,1,0,6,0.07200924033333332,1.0641781528135699
johnking,John King,John King,2022,TEX,-0.0308436565,51.1,0,39,4.086457145,0.13513514,0.876623529,27,3.0,0,0,1,0,0,0,0,1,0.042514547666666645,0.15281020665152525
johnschreiber,John Schreiber,John Schreiber,2022,BOS,1.750921249,65.0,0,64,2.497046242,0.28793774,0.415384713,28,4.0,0,0,1,0,0,1,1,5,0.5010163907666667,0.589359408099259
jojoromero,JoJo Romero,JoJo Romero,2022,- - -,-0.161855951,16.1,0,17,5.255288436,0.25373134,1.65306145,25,3.0,0,0,1,0,0,0,1,1,0.6639214532333334,0.43284601750486323
jonathanloaisiga,Jonathan Loáisiga,Jonathan Loaisiga,2022,NYY,0.446318328,48.0,0,50,3.570764444,0.18226601,0.562500134,27,5.0,0,0,1,0,0,0,0,2,-0.12641559129000002,0.48342974827111257
jongray,Jon Gray,Jon Gray,2022,TEX,1.81751132,127.1,24,24,3.803530506,0.2571977,1.201570729,30,8.0,1,1,0,0,0,0,1,2,1.0147654013333334,1.3783635207052514
jordanhicks,Jordan Hicks,Jordan Hicks,2022,STL,0.319513753,61.1,8,35,4.172213764,0.23954373,0.733695759,25,5.0,0,0,1,0,0,0,0,2,0.6150129883333334,1.185170106546463
jordanromano,Jordan Romano,Jordan Romano,2022,TOR,1.521573305,64.0,0,63,2.815555984,0.28294574,0.562500034,29,4.0,0,0,1,0,0,1,1,7,0.18274817866666662,0.4678621148913888
jordanweems,Jordan Weems,Jordan Weems,2022,WSN,0.0857873708,39.2,0,32,4.246884965,0.24698795,1.588235549,29,3.0,0,0,1,0,0,0,0,2,-0.17250024416666668,0.2940906584435493
jorgealcala,Jorge Alcala,Jorge Alcala,2022,MIN,-4.66204e-05,2.1,0,2,3.969573976,0.2,0.0,26,4.0,0,0,1,0,0,0,0,2,-0.20795763033333334,0.39457820819363804
jorgelopez,Jorge López,Jorge Lopez,2022,- - -,0.850958712,71.0,0,67,3.42229019,0.24161074,0.507042308,29,8.0,0,0,1,0,0,1,0,1,-0.13628720500000002,0.11505205852412342
josealvarado,José Alvarado,Jose Alvarado,2022,PHI,1.654210925,51.0,0,59,1.916352302,0.37850467,0.352941256,27,6.0,0,0,1,0,0,1,1,5,0.7540745236666666,0.5251726030700774
joseberrios,José Berríos,Jose Berrios,2022,TOR,0.883487046,172.0,32,32,4.548477513,0.19787517,1.51744186,28,7.0,1,1,0,1,0,0,0,8,1.787393356,0.889489078423922
joseleclerc,José Leclerc,Jose Leclerc,2022,TEX,0.552459717,47.2,0,39,3.720822643,0.27272727,0.944055994,28,7.0,0,0,1,0,0,0,1,6,0.46606676799999996,0.6591410539448466
josequijada,José Quijada,Jose Quijada,2022,LAA,0.434483558,40.2,0,42,3.850136104,0.30769231,1.106557654,26,4.0,0,0,1,0,0,0,1,5,0.08964381936666665,0.4246166808236652
josequintana,Jose Quintana,Jose Quintana,2022,- - -,3.966515899,165.2,32,32,2.991706654,0.2017673,0.434607653,33,11.0,1,1,0,1,1,1,0,8,1.142246783,1.231278764560291
joseruiz,José Ruiz,Jose Ruiz,2022,CHW,-0.144192457,60.2,0,63,4.431112541,0.25660377,1.335165059,27,6.0,0,0,1,0,0,0,1,2,-0.2573910729,0.17734295454526416
josesuarez,José Suarez,Jose Suarez,2022,LAA,1.588385567,109.0,20,22,3.910596181,0.22294372,1.155963363,24,4.0,1,1,0,0,0,0,0,0,-0.08176610869999999,1.5764399515025431
joseurena,José Ureña,Jose Urena,2022,- - -,0.713094853,97.0,17,21,4.648513567,0.14583333,1.020618617,30,8.0,1,0,0,0,0,0,0,0,-0.19563607466666666,0.724653288170146
joshhader,Josh Hader,Josh Hader,2022,- - -,0.758850589,50.0,0,56,3.452431021,0.36986301,1.440000082,28,6.0,0,0,1,0,0,1,1,7,1.258867522,0.8814952597636786
julianmerryweather,Julian Merryweather,Julian Merryweather,2022,TOR,0.0782678612,26.2,1,26,4.349931208,0.19327731,1.350000225,30,3.0,0,0,1,0,0,0,0,2,0.2905540269333333,0.3096348865836517
justintopa,Justin Topa,Justin Topa,2022,MIL,0.031113442,7.1,0,7,3.657885784,0.11428571,0.0,31,3.0,0,0,1,0,0,0,0,2,0.6763037292333333,0.29427294701544765
justinverlander,Justin Verlander,Justin Verlander,2022,HOU,6.054431915,175.0,28,28,2.489573859,0.27777778,0.617142857,39,18.0,1,1,0,1,1,1,1,13,2.0984737476666666,2.0156788526304315
keeganakin,Keegan Akin,Keegan Akin,2022,BAL,0.495232351,81.2,1,45,3.589982098,0.23404255,1.102040992,27,3.0,0,0,1,0,0,0,0,2,0.4407241233333334,0.6011951762554444
kenleyjansen,Kenley Jansen,Kenley Jansen,2022,ATL,1.051151037,64.0,0,65,3.206181007,0.32692308,1.125000067,34,13.0,0,0,1,0,0,1,1,8,1.0372469819999999,0.6383151253041316
kevingausman,Kevin Gausman,Kevin Gausman,2022,TOR,5.544435024,174.2,31,31,2.379606532,0.28275862,0.772900808,31,10.0,1,1,0,1,1,1,1,11,4.122201362999999,2.766666006286394
kevinginkel,Kevin Ginkel,Kevin Ginkel,2022,ARI,0.528433383,29.1,0,30,2.737430937,0.24193548,0.306818235,28,4.0,0,0,1,0,0,1,0,3,0.909137532,0.3854366655105449
kirbyyates,Kirby Yates,Kirby Yates,2022,ATL,-0.202504724,7.0,0,9,7.255288709,0.18181818,2.571428922,35,9.0,0,0,1,0,0,0,0,6,0.5523668429666666,0.6597365201406686
kolbyallard,Kolby Allard,Kolby Allard,2022,TEX,-0.730781853,21.0,0,10,7.874336196,0.2183908,3.857143207,24,5.0,0,0,1,0,0,0,0,0,0.3135619756333334,0.4011551807406395
krisbubic,Kris Bubic,Kris Bubic,2022,KCR,0.589424886,129.0,27,28,4.779097767,0.18739353,1.255814028,24,3.0,1,1,0,0,0,0,0,0,1.5864443679999998,1.0057368362542805
kylefinnegan,Kyle Finnegan,Kyle Finnegan,2022,WSN,0.588038266,66.2,0,66,3.7574311,0.26119403,1.215000185,30,3.0,0,0,1,0,0,0,1,2,0.4924432279666666,0.5649373840047919
kylefreeland,Kyle Freeland,Kyle Freeland,2022,COL,2.482419729,174.2,31,31,4.211667707,0.17101828,0.979007691,29,6.0,1,1,0,1,0,0,0,1,1.52188615,0.6356385935020896
kylegibson,Kyle Gibson,Kyle Gibson,2022,PHI,1.843836784,167.2,31,31,4.275452941,0.2005571,1.288270456,34,10.0,1,1,0,1,0,0,0,4,1.148757736,1.555187535268374
kylehendricks,Kyle Hendricks,Kyle Hendricks,2022,CHC,0.301191449,84.1,16,16,4.819940986,0.18539326,1.60079061,32,9.0,1,0,0,0,0,0,0,3,1.6471288616666666,1.1344259696969923
kylenelson,Kyle Nelson,Kyle Nelson,2022,ARI,0.364628509,37.0,1,43,3.220539143,0.1986755,0.243243318,25,3.0,0,0,1,0,0,1,0,1,-0.006579325666666663,0.01612986980565122
loganwebb,Logan Webb,Logan Webb,2022,SFG,4.240403175,192.1,32,32,3.034441398,0.20711563,0.514731383,25,4.0,1,1,0,1,1,1,0,6,4.967851479666666,2.708328195484442
lucassims,Lucas Sims,Lucas Sims,2022,CIN,-0.0322295949,6.2,0,6,4.762431395,0.16129032,0.0,28,6.0,0,0,1,0,0,0,0,4,-0.007934729333333316,0.33734778910302293
luiscastillo,Luis Castillo,Luis Castillo,2022,- - -,3.696687818,150.1,25,25,3.072519692,0.27154472,0.778270536,29,27.0,1,1,0,1,1,1,1,11,2.7283338706666664,1.9873296062103172
luisgarcia,Luis García,Luis Garcia,2022,SDP,1.57604897,61.0,0,64,2.604234217,0.26254826,0.442623006,35,10.0,0,0,1,0,0,1,1,4,0.37208016233333335,0.5167623043376792
luisseverino,Luis Severino,Luis Severino,2022,NYY,1.470651746,102.0,19,19,3.700666296,0.27654321,1.235294118,28,8.0,1,0,0,0,0,0,1,9,1.3622424800000001,1.474793533551328
lukeweaver,Luke Weaver,Luke Weaver,2022,- - -,0.464051746,35.2,1,26,2.691870224,0.2183908,0.252336467,28,7.0,0,0,1,0,0,1,0,3,0.6179881593333333,0.5293836719221202
marcusstroman,Marcus Stroman,Marcus Stroman,2022,CHC,1.954119205,138.2,25,25,3.761469511,0.20913884,1.038461615,31,9.0,1,1,0,0,0,0,0,5,1.2331561386999998,1.7248866262392828
markleiterjr,Mark Leiter Jr.,Mark Leiter Jr.,2022,CHC,0.215259403,67.2,4,35,4.294697106,0.25886525,1.330049367,31,,0,0,1,0,0,0,1,1,0.780057152,0.40810471912278534
martinperez,Martín Pérez,Martin Perez,2022,TEX,3.871520042,196.1,32,32,3.265232364,0.20584653,0.504244495,31,11.0,1,1,0,1,1,1,0,4,0.545021375,1.138835268074486
mattfesta,Matt Festa,Matt Festa,2022,SEA,-0.163370103,54.0,0,53,4.260579312,0.29223744,1.666666902,29,5.0,0,0,1,0,0,0,1,2,0.35758838200000004,-0.018667441098378385
matthewboyd,Matthew Boyd,Matthew Boyd,2022,SEA,0.102149546,13.1,0,10,3.187431009,0.24528302,0.0,31,,0,0,1,0,0,1,0,4,1.7433237236666665,0.2992391607343446
mattstrahm,Matt Strahm,Matt Strahm,2022,BOS,0.324865043,44.2,0,50,3.716908803,0.26943005,1.007463002,30,7.0,0,0,1,0,0,0,1,2,1.8553869526666666,0.36674847003561106
maxfried,Max Fried,Max Fried,2022,ATL,4.910667419,185.1,30,30,2.702359048,0.2319236,0.582733829,28,6.0,1,1,0,1,1,1,0,8,3.3396972416666664,2.8536210811087073
maxscherzer,Max Scherzer,Max Scherzer,2022,NYM,4.480373859,145.1,23,23,2.61701814,0.30619469,0.8050459,37,15.0,1,1,0,0,1,1,1,13,1.0568928916666667,2.6585063602355565
merrillkelly,Merrill Kelly,Merrill Kelly,2022,ARI,3.178252459,200.1,33,33,3.651532513,0.22014925,0.943427645,33,4.0,1,1,0,1,1,0,0,4,2.3100653093333334,2.137685806698388
michaelking,Michael King,Michael King,2022,NYY,1.702275634,51.0,0,34,2.230077928,0.33165829,0.529411844,27,,0,0,1,0,0,1,1,3,2.327746225,0.8140457181339142
michaelkopech,Michael Kopech,Michael Kopech,2022,CHW,1.012346029,119.1,25,25,4.495112625,0.21255061,1.131284964,26,5.0,1,1,0,0,0,0,0,2,-0.19015705476666667,1.2867881849523088
michaellorenzen,Michael Lorenzen,Michael Lorenzen,2022,LAA,0.993107378,97.2,18,18,4.310383251,0.20681265,1.013651904,30,8.0,1,0,0,0,0,0,0,0,1.2181562913333333,1.1049949719102972
michaelwacha,Michael Wacha,Michael Wacha,2022,BOS,1.53104043,127.1,23,23,4.141226854,0.20194175,1.27225136,30,10.0,1,1,0,0,0,0,0,0,3.2002906003333336,1.480700539230813
miguelcastro,Miguel Castro,Miguel Castro,2022,NYY,0.0895357579,29.0,0,34,3.836569123,0.23664122,0.620689818,27,8.0,0,0,1,0,0,0,0,2,-0.03607980433333333,0.2987199220557333
mikeclevinger,Mike Clevinger,Mike Clevinger,2022,SDP,0.409073986,114.1,22,23,4.975404845,0.18762887,1.574344093,31,7.0,1,1,0,0,0,0,0,6,0.6426975503333334,1.4937264195098796
milesmikolas,Miles Mikolas,Miles Mikolas,2022,STL,2.822269019,202.1,32,33,3.873551284,0.19006211,1.112026387,33,11.0,1,1,0,1,0,0,0,5,1.7517307100000001,1.674079665312806
mitchkeller,Mitch Keller,Mitch Keller,2022,PIT,2.090541445,159.0,29,31,3.879726604,0.20087336,0.792452835,26,4.0,1,1,0,1,0,0,0,3,2.6256845793333334,1.1018252355070117
nabilcrismatt,Nabil Crismatt,Nabil Crismatt,2022,SDP,0.773376953,67.1,1,50,3.216391406,0.23214286,0.668316882,27,3.0,0,0,1,0,0,1,0,2,-0.02780819919999999,0.19823733369257865
nathaneovaldi,Nathan Eovaldi,Nathan Eovaldi,2022,BOS,1.032570481,109.1,20,20,4.301455447,0.22391304,1.728658617,32,12.0,1,1,0,0,0,0,0,5,2.899205446333333,1.0883815084040254
nestorcortes,Nestor Cortes,Nestor Cortes,2022,NYY,3.742773533,158.1,28,28,3.125062581,0.26504065,0.909473713,27,5.0,1,1,0,1,1,1,1,5,0.9878576396666666,2.3555544800335655
nickmartinez,Nick Martinez,Nick Martinez,2022,SDP,0.420030509,106.1,10,47,4.429045532,0.21205357,1.269592583,31,9.0,1,0,0,0,0,0,0,0,2.289266516666667,1.081437021737542
nickmears,Nick Mears,Nick Mears,2022,PIT,0.0259951539,2.0,0,2,2.612430763,0.25,0.0,25,3.0,0,0,1,0,0,1,1,3,0.46347438300000005,0.4512108489157106
nickpivetta,Nick Pivetta,Nick Pivetta,2022,BOS,1.508248925,179.2,33,33,4.420408812,0.22639069,1.352504715,29,6.0,1,1,0,1,0,0,0,3,2.5146649033333333,1.1290471840564544
pablolopez,Pablo López,Pablo Lopez,2022,MIA,2.993499756,180.0,32,32,3.712431002,0.23641304,1.05,26,5.0,1,1,0,1,0,0,0,4,3.2077262800000006,2.234036268090968
patrickcorbin,Patrick Corbin,Patrick Corbin,2022,WSN,0.716939569,152.2,31,31,4.83513854,0.17952314,1.591703163,32,11.0,1,1,0,1,0,0,0,6,1.4793618316666668,1.1024788295384353
paulblackburn,Paul Blackburn,Paul Blackburn,2022,OAK,0.784858108,111.1,21,21,4.208239435,0.19057816,1.212574906,28,6.0,1,1,0,0,0,0,0,0,0.7072407053333333,0.7908710945857258
paulsewald,Paul Sewald,Paul Sewald,2022,SEA,0.432679862,64.0,0,65,3.878056093,0.29752066,1.406250168,32,6.0,0,0,1,0,0,0,1,4,0.39903472873333334,0.44216332895438526
petefairbanks,Pete Fairbanks,Pete Fairbanks,2022,TBR,1.231882691,24.0,0,24,0.862430823,0.43678161,0.37500003,28,4.0,0,0,1,0,0,1,1,7,0.9675157466666667,1.0601458714389365
philmaton,Phil Maton,Phil Maton,2022,HOU,-0.0883989111,65.2,0,67,4.330705302,0.25978648,1.370558588,29,6.0,0,0,1,0,0,0,1,4,0.7514558633333334,0.3186606346214961
piercejohnson,Pierce Johnson,Pierce Johnson,2022,SDP,0.293058336,14.1,0,15,2.763593738,0.328125,0.627907074,31,6.0,0,0,1,0,0,1,1,6,0.47658560199999994,0.35746442092535735
rafaelmontero,Rafael Montero,Rafael Montero,2022,HOU,1.494173765,68.1,0,71,2.644138284,0.27037037,0.395121981,31,9.0,0,0,1,0,0,1,1,4,-0.22899905653333333,0.574159812696731
raiseliglesias,Raisel Iglesias,Raisel Iglesias,2022,- - -,1.536667109,62.0,0,67,2.467269612,0.31707317,0.725806563,32,8.0,0,0,1,0,0,1,1,7,1.1996709306666669,0.7813076352851313
rangersuarez,Ranger Suárez,Ranger Suarez,2022,PHI,2.329841375,155.1,29,29,3.86564991,0.19486405,0.869098741,26,5.0,1,1,0,1,0,0,0,4,3.2850914796666664,1.4969999304477237
reynaldolopez,Reynaldo López,Reynaldo Lopez,2022,CHW,2.021745183,65.1,1,61,1.933859413,0.2480315,0.137755121,28,7.0,0,0,1,0,0,1,0,2,1.400518201433333,0.7851647054207691
richhill,Rich Hill,Rich Hill,2022,BOS,1.785651326,124.1,26,26,3.916720579,0.20722433,1.085790929,42,18.0,1,1,0,0,0,0,0,2,0.13291030866666667,1.3670781274194903
robbieray,Robbie Ray,Robbie Ray,2022,SEA,1.629643559,189.0,32,32,4.165341055,0.27354839,1.523809524,30,9.0,1,1,0,1,0,0,1,8,0.7333447994666668,1.3676480459475782
robzastryzny,Rob Zastryzny,Rob Zastryzny,2022,- - -,0.062339304,4.0,0,6,2.362430599,0.1875,0.0,30,7.0,0,0,1,0,0,1,0,3,0.11017334230000002,0.23126045770220816
ryanborucki,Ryan Borucki,Ryan Borucki,2022,- - -,-0.636917382,25.1,0,32,6.072958023,0.18918919,2.131579456,28,5.0,0,0,1,0,0,0,0,1,0.19666964823333336,0.3110545494604967
ryanbrasier,Ryan Brasier,Ryan Brasier,2022,BOS,0.527864039,62.1,0,68,3.609757276,0.24334601,1.299465426,34,10.0,0,0,1,0,0,0,0,3,0.6101851516666666,0.4348051220263736
ryanhelsley,Ryan Helsley,Ryan Helsley,2022,STL,1.995334029,64.2,0,54,2.339235004,0.39330544,0.835051678,27,4.0,0,0,1,0,0,1,1,2,1.3300303223333334,0.8632996228325586
ryanpressly,Ryan Pressly,Ryan Pressly,2022,HOU,1.375060678,48.1,0,50,2.305534365,0.35714286,0.744827665,33,10.0,0,0,1,0,0,1,1,8,0.5358816583333333,0.7524668881031878
ryanthompson,Ryan Thompson,Ryan Thompson,2022,TBR,0.417715728,42.2,0,47,3.417118574,0.21546961,0.843750201,30,3.0,0,0,1,0,0,1,0,3,0.4054910516666667,0.27471869730139103
ryanyarbrough,Ryan Yarbrough,Ryan Yarbrough,2022,TBR,0.0571234822,80.0,9,20,4.77493116,0.17183099,1.350000129,30,5.0,0,0,1,0,0,0,0,1,0.3256578620333333,1.1015413559651497
rynestanek,Ryne Stanek,Ryne Stanek,2022,HOU,0.925445139,54.2,0,59,3.02096757,0.27678571,0.329268354,30,6.0,0,0,1,0,0,1,1,4,0.03955109666666667,0.4007022417390716
sammoll,Sam Moll,Sam Moll,2022,OAK,-0.0419722833,43.1,0,53,4.220123732,0.2459893,1.038461935,30,6.0,0,0,1,0,0,0,0,0,0.49692520989999994,0.10879970095662318
scottalexander,Scott Alexander,Scott Alexander,2022,SFG,0.30948624,17.1,4,17,2.881661729,0.15873016,0.519230864,32,8.0,0,0,1,0,0,1,0,1,0.07222965083333333,0.6678896744611149
scottbarlow,Scott Barlow,Scott Barlow,2022,KCR,0.918495476,74.1,0,69,3.623641851,0.26551724,1.089686285,29,5.0,0,0,1,0,0,0,1,7,0.3896966017666667,0.5273769668096628
seanmanaea,Sean Manaea,Sean Manaea,2022,SDP,1.0797043,158.0,28,30,4.530152521,0.23248882,1.651898734,30,7.0,1,1,0,1,0,0,0,6,1.4630878316666667,1.1779825360610807
seannewcomb,Sean Newcomb,Sean Newcomb,2022,- - -,-0.753988329,27.2,1,20,6.907612204,0.20895522,2.602409967,29,6.0,0,0,1,0,0,0,0,1,0.5508463499999999,0.5124243960092727
seranthonydominguez,Seranthony Domínguez,Seranthony Dominguez,2022,PHI,0.993123114,51.0,0,54,3.092823154,0.29468599,0.705882511,27,5.0,0,0,1,0,0,1,1,7,0.2665058821333333,0.7021858183889209
sethlugo,Seth Lugo,Seth Lugo,2022,NYM,0.255102575,65.0,0,62,3.758584924,0.25367647,1.246153992,32,7.0,0,0,1,0,0,0,1,5,2.680995096666667,0.4095889770029423
shanebieber,Shane Bieber,Shane Bieber,2022,CLE,4.767212391,200.0,31,31,2.872431002,0.25031606,0.81,27,5.0,1,1,0,1,1,1,1,13,1.0495790836666667,3.151598767787278
shawnarmstrong,Shawn Armstrong,Shawn Armstrong,2022,- - -,0.48640357,61.2,3,50,3.469187823,0.24535316,1.021621806,31,8.0,0,0,1,0,0,1,0,3,1.1114604036666667,0.5776264166749222
shelbymiller,Shelby Miller,Shelby Miller,2022,SFG,0.382567167,7.0,0,4,0.398144918,0.46666667,0.0,31,11.0,0,0,1,0,0,1,1,2,0.3409171283333334,0.7021176183987853
sonnygray,Sonny Gray,Sonny Gray,2022,MIN,2.417216539,119.2,24,24,3.404910117,0.2397541,0.827298068,32,10.0,1,1,0,0,0,1,0,8,4.2559060256666665,1.7192062760392306
stevenmatz,Steven Matz,Steven Matz,2022,STL,0.668043405,48.0,10,15,3.779097708,0.26086957,1.500000089,31,8.0,1,0,0,0,0,0,1,4,1.0370881594999999,1.5371277818890532
stevenokert,Steven Okert,Steven Okert,2022,MIA,-0.037467517,51.1,0,60,4.359184557,0.28506787,1.227273031,30,7.0,0,0,1,0,0,0,1,4,0.626104625,0.23318311114055246
taijuanwalker,Taijuan Walker,Taijuan Walker,2022,NYM,2.672042847,157.1,29,29,3.646329324,0.20338983,0.858050875,29,10.0,1,1,0,1,0,0,0,4,0.5902925406666667,1.1496959487429386
tannerhouck,Tanner Houck,Tanner Houck,2022,BOS,0.724123091,60.0,4,32,3.295764347,0.22672065,0.450000029,26,3.0,0,0,1,0,0,1,0,5,1.5769707063333334,0.6364565233643519
tannerrainey,Tanner Rainey,Tanner Rainey,2022,WSN,0.228199974,30.0,0,29,4.179097736,0.28125,1.500000095,29,5.0,0,0,1,0,0,0,1,4,-0.044231886666666664,0.2289077099426616
tannerscott,Tanner Scott,Tanner Scott,2022,MIA,0.460293949,62.2,0,67,3.670941697,0.31141869,0.718085179,27,6.0,0,0,1,0,0,0,1,5,1.4878206623666665,0.6148803107578052
tarikskubal,Tarik Skubal,Tarik Skubal,2022,DET,2.873664618,117.2,21,21,2.959456494,0.24528302,0.688385284,25,3.0,1,1,0,0,0,1,0,3,5.302320798333334,1.868165224591359
taylorrogers,Taylor Rogers,Taylor Rogers,2022,- - -,1.004315436,64.1,0,66,3.314503568,0.30656934,0.979274747,31,7.0,0,0,1,0,0,1,1,8,0.20965813733333336,0.6473693740942417
timhill,Tim Hill,Tim Hill,2022,SDP,0.464585334,48.0,0,55,3.466597753,0.12562814,0.187500045,32,5.0,0,0,1,0,0,1,0,2,0.008041728966666656,0.21702923932871343
timmayza,Tim Mayza,Tim Mayza,2022,TOR,-0.000622695487,48.2,0,63,3.975445016,0.22797927,1.294521021,30,6.0,0,0,1,0,0,0,0,4,0.4011849685,0.3493162016772252
tjmcfarland,T.J. McFarland,T.J. McFarland,2022,STL,-0.333034784,32.2,0,28,5.316513063,0.11034483,1.377551289,33,10.0,0,0,1,0,0,0,0,0,0.09426321748000001,0.19294152389340682
tommykahnle,Tommy Kahnle,Tommy Kahnle,2022,LAD,-0.042152483,12.2,0,13,4.37558896,0.30434783,1.421052703,32,9.0,0,0,1,0,0,0,1,6,0.0324034118,0.6643235872281489
toukitoussaint,Touki Toussaint,Touki Toussaint,2022,LAA,0.0374885127,25.1,2,8,4.809799636,0.24074074,0.710526405,26,5.0,0,0,1,0,0,0,0,1,0.07794651269999998,0.32930140244081324
trentthornton,Trent Thornton,Trent Thornton,2022,TOR,-0.109878086,46.0,0,32,4.655909519,0.1957672,1.369565445,28,4.0,0,0,1,0,0,0,0,2,0.10771056749999998,0.11390214450847486
trevorrichards,Trevor Richards,Trevor Richards,2022,TOR,0.130085468,64.0,4,62,4.065556215,0.29181495,1.265625283,29,5.0,0,0,1,0,0,0,1,2,0.2047103525,0.4720839936834894
trevorrogers,Trevor Rogers,Trevor Rogers,2022,MIA,0.891645849,107.0,23,23,4.355421744,0.22222222,1.261682333,24,3.0,1,1,0,0,0,0,0,4,1.5148166666666667,1.9068891249478623
trevorwilliams,Trevor Williams,Trevor Williams,2022,NYM,0.695763499,89.2,9,30,3.881947785,0.22580645,1.204461052,30,7.0,0,0,1,0,0,0,0,0,0.9982055276666667,1.0231574193437765
tristonmckenzie,Triston McKenzie,Triston McKenzie,2022,CLE,3.439767935,191.1,30,31,3.593267251,0.25641026,1.175958219,24,3.0,1,1,0,1,1,0,1,5,-0.291742603,1.2387787986351584
tyleralexander,Tyler Alexander,Tyler Alexander,2022,DET,-0.0766770244,101.0,17,27,4.993619156,0.14285714,1.603960426,27,4.0,1,0,0,0,0,0,0,0,0.2753120056666667,0.6173610288543628
tyleranderson,Tyler Anderson,Tyler Anderson,2022,LAD,4.055855751,178.2,28,30,3.308326518,0.19519095,0.705223861,32,7.0,1,1,0,1,1,1,0,4,0.895482478,1.2437761032936756
tylerglasnow,Tyler Glasnow,Tyler Glasnow,2022,TBR,0.134898037,6.2,2,2,2.962430987,0.38461538,1.350000129,28,7.0,0,0,1,0,0,1,1,7,2.912082195,0.7867598876147167
tylerkinley,Tyler Kinley,Tyler Kinley,2022,COL,0.926965356,24.0,0,25,1.737430783,0.27,0.0,31,5.0,0,0,1,0,0,1,1,3,0.30142109353333335,0.26314083861742016
tylermahle,Tyler Mahle,Tyler Mahle,2022,- - -,2.18010655,120.2,23,23,3.866574688,0.25049702,1.193370229,27,6.0,1,1,0,0,0,0,1,5,0.8291422723333334,1.5539401475802121
tylerrogers,Tyler Rogers,Tyler Rogers,2022,SFG,0.604808092,75.2,0,68,3.442827522,0.15360502,0.356828242,31,4.0,0,0,1,0,0,1,0,4,0.8308242360000001,0.31608357387217073
wademiley,Wade Miley,Wade Miley,2022,CHC,0.50829046,37.0,8,9,3.95026884,0.17610063,0.72972973,35,12.0,0,0,1,0,0,0,0,3,0.26378832766666666,1.076203734317438
wandyperalta,Wandy Peralta,Wandy Peralta,2022,NYY,0.994834423,56.1,0,56,2.863910236,0.21076233,0.319526699,30,7.0,0,0,1,0,0,1,0,1,-0.14363382,0.215594398431858
yimigarcia,Yimi García,Yimi Garcia,2022,TOR,0.798493445,61.0,0,61,3.473086807,0.23481781,0.885246068,31,9.0,0,0,1,0,0,1,0,5,0.514359817,0.3489819407540642
yohanramirez,Yohan Ramírez,Yohan Ramirez,2022,- - -,-0.20916968,37.1,0,30,4.880288295,0.19161677,0.964285796,27,3.0,0,0,1,0,0,0,0,2,0.07915593929999999,0.12657522134102958
yudarvish,Yu Darvish,Yu Darvish,2022,SDP,4.169772148,194.2,30,30,3.312773478,0.25551232,1.017123341,35,11.0,1,1,0,1,1,1,1,10,1.2917912900000001,1.8038425600525716
yuseikikuchi,Yusei Kikuchi,Yusei Kikuchi,2022,TOR,-0.863590796,100.2,20,32,5.615742465,0.27312775,2.05629156,31,4.0,1,1,0,0,0,0,1,4,2.8919490576666664,1.6583220288373002
zacgallen,Zac Gallen,Zac Gallen,2022,ARI,4.172012806,184.0,31,31,3.04721361,0.26890756,0.733695652,26,4.0,1,1,0,1,1,1,1,7,3.016571641,3.0138016121790137
zacheflin,Zach Eflin,Zach Eflin,2022,PHI,1.388437092,75.2,13,20,3.561770212,0.20766773,0.951541858,28,7.0,1,0,0,0,0,0,0,3,2.4801400803333333,1.2126604647562513
zacklittell,Zack Littell,Zack Littell,2022,SFG,-0.261593372,44.1,0,39,4.646265896,0.20526316,1.624060476,26,5.0,0,0,1,0,0,0,0,1,1.6240163653333333,0.7428950127371063
zackwheeler,Zack Wheeler,Zack Wheeler,2022,PHI,4.154235363,153.0,26,26,2.890208779,0.26853377,0.764705882,32,10.0,1,1,0,1,1,1,1,12,5.110696633666667,2.8726040909518
