player_name_key,Name,NameASCII,Season,Team,PA,G,Position_category,source_dataset,WAR,wRC+,wOBA,ISO,BB%,K%,BABIP,Age,actual_war_next3_avg,pred_war_next3_avg_raw,pred_war_next3_avg
aaronbummer,Aaron Bummer,Aaron Bummer,2022,CHW,0,32,,batting,0.0,,,,,,,28,0.0,0.005300506592017307,0.005300506592017307
aaroncivale,Aaron Civale,Aaron Civale,2022,CLE,0,20,p,batting,0.0,,,,,,,27,0.0,0.013459099106272188,0.013459099106272188
aaronjudge,Aaron Judge,Aaron Judge,2022,NYY,696,157,rf,batting,11.0925474257163,206.154836783773,0.458196414172384,0.375438597,0.159482758,0.251436781,0.340236686,30,8.738020591482876,3.5211799974348468,4.271179997434847
aaronnola,Aaron Nola,Aaron Nola,2022,PHI,0,32,p,batting,0.0,,,,,,,29,0.0,-0.024897800162602124,-0.024897800162602124
abrahamtoro,Abraham Toro,Abraham Toro,2022,SEA,352,109,,batting,-0.617832340810236,62.8911971472643,0.246277019508883,0.138888889,0.0625,0.18465909,0.197628458,25,0.08910984849052868,0.7971397778417174,0.7971397778417174
adamfrazier,Adam Frazier,Adam Frazier,2022,SEA,602,156,2b,batting,1.26042744493174,82.197538837029,0.273623925657129,0.072088725,0.07641196,0.121262458,0.267515923,30,0.198068158008191,0.9285393866119902,0.9285393866119902
adamottavino,Adam Ottavino,Adam Ottavino,2022,NYM,0,66,p,batting,0.0,,,,,,,36,0.0,-0.021707526404113886,-0.021707526404113886
adolisgarcia,Adolis García,Adolis Garcia,2022,TEX,657,156,,batting,3.19522429761233,111.699190370383,0.324369200131365,0.206611571,0.0608828,0.278538812,0.309226932,29,1.7562301465605072,1.5839366917362754,1.821274551758166
adrianhouser,Adrian Houser,Adrian Houser,2022,MIL,0,22,p,batting,0.0,,,,,,,29,0.0,-0.026191044864506186,-0.026191044864506186
adrianmorejon,Adrian Morejon,Adrian Morejon,2022,SDP,0,26,,batting,0.0,,,,,,,23,0.0,0.057222109562129475,0.057222109562129475
ajminter,A.J. Minter,A.J. Minter,2022,ATL,0,75,p,batting,0.0,,,,,,,28,0.0,0.008737787209079584,0.008737787209079584
ajpuk,A.J. Puk,A.J. Puk,2022,OAK,0,62,,batting,0.0,,,,,,,27,0.0,0.01006017088611133,0.01006017088611133
alecbohm,Alec Bohm,Alec Bohm,2022,PHI,631,152,,batting,1.40709318414915,98.4615222671545,0.30977168102113,0.11774744,0.049128367,0.174326465,0.3192389,25,2.1835791856714533,1.4744277578492042,1.4744277578492042
alejandrokirk,Alejandro Kirk,Alejandro Kirk,2022,TOR,541,139,,batting,4.2788932221218,129.137764377937,0.347197119291727,0.129787235,0.116451016,0.107208872,0.298507462,23,3.23025148224591,2.3270573012847384,3.0770573012847384
alexbregman,Alex Bregman,Alex Bregman,2022,HOU,656,155,3b,batting,5.39796117384337,136.796928323256,0.357768542074975,0.1952554749999999,0.132621951,0.117378048,0.259825327,28,4.02086331122559,3.516039739319673,4.266039739319673
alexverdugo,Alex Verdugo,Alex Verdugo,2022,BOS,644,152,If,batting,1.07067770246842,102.291737496957,0.319227724524673,0.124789207,0.065217391,0.133540372,0.30876494,26,0.40539614741807223,1.3251051264955438,1.3251051264955438
alexvesia,Alex Vesia,Alex Vesia,2022,LAD,0,63,,batting,0.0,,,,,,,26,0.0,0.025731209480480022,0.025731209480480022
amedrosario,Amed Rosario,Amed Rosario,2022,CLE,670,153,ss,batting,3.05066190493547,103.656256844672,0.31125066031271,0.120879121,0.037313432,0.165671641,0.325626204,26,0.347634535791971,2.10099791855676,2.3383357785786507
andresgimenez,Andrés Giménez,Andres Gimenez,2022,CLE,557,146,,batting,6.11738344803413,140.951693722784,0.364078628886593,0.16904277,0.061041292,0.201077199,0.353424657,23,2.530875465840247,3.270513431632853,4.020513431632853
andresmunoz,Andrés Muñoz,Andres Munoz,2022,SEA,0,64,,batting,0.0,,,,,,,23,0.0,0.0623609786321726,0.0623609786321726
andrewbenintendi,Andrew Benintendi,Andrew Benintendi,2022,- - -,521,126,If,batting,2.00256966401433,120.683802596549,0.341870864538046,0.095444686,0.099808061,0.147792706,0.3515625,27,-0.10340285384221033,1.5591543802823513,1.5591543802823513
andrewchafin,Andrew Chafin,Andrew Chafin,2022,DET,0,64,p,batting,0.0,,,,,,,32,0.0,-0.034360554451735914,-0.034360554451735914
andrewheaney,Andrew Heaney,Andrew Heaney,2022,LAD,0,16,p,batting,0.0,,,,,,,31,0.0,-0.02672030449453644,-0.02672030449453644
andrewkittredge,Andrew Kittredge,Andrew Kittredge,2022,TBR,0,17,p,batting,0.0,,,,,,,32,0.0,-0.017909712164020486,-0.017909712164020486
andrewknizner,Andrew Knizner,Andrew Knizner,2022,STL,293,97,,batting,-0.0444931926933507,76.6456499874295,0.274839483303567,0.084615385,0.088737201,0.211604095,0.268041237,27,-0.12155026075046675,0.41494412921230006,0.41494412921230006
andrewmccutchen,Andrew McCutchen,Andrew McCutchen,2022,MIL,580,134,dh,batting,0.587017376934477,98.1626878790649,0.309014726796916,0.147572816,0.098275862,0.213793103,0.277777777,35,0.5672849123362403,0.8860830611680819,0.8860830611680819
anthonybanda,Anthony Banda,Anthony Banda,2022,- - -,0,32,,batting,0.0,,,,,,,28,0.0,0.003098545968491573,0.003098545968491573
anthonymisiewicz,Anthony Misiewicz,Anthony Misiewicz,2022,- - -,0,32,,batting,0.0,,,,,,,27,0.0,0.004559395987861814,0.004559395987861814
anthonysantander,Anthony Santander,Anthony Santander,2022,BAL,647,152,rf,batting,2.3230084483533,121.27555815689,0.335601162338405,0.2142857139999999,0.085007727,0.188562596,0.247641509,27,1.5965251202980781,1.5695438515546216,1.5695438515546216
antoniosenzatela,Antonio Senzatela,Antonio Senzatela,2022,COL,0,19,,batting,0.0,,,,,,,27,0.0,-0.021094239007664606,-0.021094239007664606
aroldischapman,Aroldis Chapman,Aroldis Chapman,2022,NYY,0,43,p,batting,0.0,,,,,,,34,0.0,-0.021572053942820135,-0.021572053942820135
austinbarnes,Austin Barnes,Austin Barnes,2022,LAD,212,62,,batting,1.337395963207,104.221193412995,0.314828657252448,0.167597766,0.12735849,0.174528301,0.222222222,32,-0.15484731133167498,0.8482890489826854,0.8482890489826854
austingomber,Austin Gomber,Austin Gomber,2022,COL,0,33,,batting,0.0,,,,,,,28,0.0,-0.005699060076010065,-0.005699060076010065
austinhays,Austin Hays,Austin Hays,2022,BAL,582,145,If,batting,1.78713801658684,105.988881385447,0.313948001853379,0.162616823,0.058419243,0.195876288,0.289215686,26,1.3631109211015335,1.6206992804719542,1.6206992804719542
austinhedges,Austin Hedges,Austin Hedges,2022,CLE,338,105,c,batting,-0.031810687445202,42.7484709097954,0.224976443662876,0.085034013,0.073964497,0.23076923,0.193396226,29,0.8800693187751136,0.3677613330565864,0.3677613330565864
austinriley,Austin Riley,Austin Riley,2022,ATL,693,159,,batting,5.8549523421413,143.555050580238,0.376607427448896,0.255284553,0.082251082,0.242424242,0.314769975,25,3.0707365526882797,3.9491066344432273,4.699106634443227
austinslater,Austin Slater,Austin Slater,2022,SFG,325,125,of,batting,2.10723472890783,124.456098254487,0.344026371515714,0.144404332,0.123076923,0.273846153,0.360655737,29,0.1713539072299671,1.0804692868173356,1.0804692868173356
austinwynns,Austin Wynns,Austin Wynns,2022,SFG,177,66,,batting,0.595595966730317,92.7111221672954,0.297600267624313,0.098765432,0.056497175,0.2146892649999999,0.319672131,31,0.48681676941629864,0.2623151014720404,0.2623151014720404
billymckinney,Billy McKinney,Billy McKinney,2022,OAK,57,23,,batting,-0.54074831103257,-11.8694199943902,0.143772548862866,0.076923077,0.070175438,0.280701754,0.111111111,27,-0.01536156255859819,0.41429085676143385,0.41429085676143385
blakesnell,Blake Snell,Blake Snell,2022,SDP,0,25,p,batting,0.0,,,,,,,29,0.0,-0.01871775248462426,-0.01871775248462426
bobbydalbec,Bobby Dalbec,Bobby Dalbec,2022,BOS,353,117,,batting,-0.173555551112322,79.5726217173812,0.287046717010206,0.154574132,0.082152974,0.33427762,0.293193717,27,-0.2795510255566932,0.7040792935266997,0.7040792935266997
bobichette,Bo Bichette,Bo Bichette,2022,TOR,697,159,2b,batting,4.82589572461517,129.341728484992,0.347486028883344,0.179447853,0.058823529,0.222381635,0.347368421,24,2.66323539451928,3.7466566672522132,4.496656667252213
bradkeller,Brad Keller,Brad Keller,2022,KCR,0,35,p,batting,0.0,,,,,,,26,0.0,0.005789894360436976,0.005789894360436976
bradysinger,Brady Singer,Brady Singer,2022,KCR,0,27,,batting,0.0,,,,,,,25,0.0,0.017156166063222344,0.017156166063222344
brandonlowe,Brandon Lowe,Brandon Lowe,2022,TBR,266,65,,batting,0.596365546852758,102.838505317661,0.306140653396908,0.161702128,0.101503759,0.229323308,0.263473053,27,2.27993556473286,1.7031421027447617,1.7031421027447617
brandonnimmo,Brandon Nimmo,Brandon Nimmo,2022,NYM,673,151,cf,batting,5.47843536496713,131.952263775958,0.3527136243991,0.158620689,0.105497771,0.172362555,0.31707317,29,3.3131681869994765,2.5705561923097466,3.3205561923097466
brendanrodgers,Brendan Rodgers,Brendan Rodgers,2022,COL,581,137,ss,batting,1.82878623819351,93.5571696858019,0.321014091295548,0.142314991,0.079173838,0.173838209,0.303827751,25,0.21085288483681663,1.7092759646194535,1.7092759646194535
brentrooker,Brent Rooker,Brent Rooker,2022,- - -,36,16,,batting,-0.354814540636582,13.8533639244253,0.186096501019266,0.03125,0.083333333,0.305555555,0.19047619,27,3.202168490635387,0.38376325440691755,0.38376325440691755
brentsuter,Brent Suter,Brent Suter,2022,MIL,0,54,p,batting,0.0,,,,,,,32,0.0,-0.03509424724688048,-0.03509424724688048
brooksraley,Brooks Raley,Brooks Raley,2022,TBR,0,60,p,batting,0.0,,,,,,,34,0.0,-0.028688332009005113,-0.028688332009005113
bryanabreu,Bryan Abreu,Bryan Abreu,2022,HOU,0,55,,batting,0.0,,,,,,,25,0.0,0.031686862403362714,0.031686862403362714
bryanreynolds,Bryan Reynolds,Bryan Reynolds,2022,PIT,614,145,,batting,2.90236734703765,123.230383201233,0.348934071824739,0.199261993,0.091205211,0.229641693,0.305851063,27,1.7951851299608566,2.8419822746992107,2.6756159263660244
bryceharper,Bryce Harper,Bryce Harper,2022,PHI,426,99,rf,batting,2.6457485367655,139.185108571695,0.3693287411182049,0.227027027,0.1079812199999999,0.204225352,0.323529411,29,4.006070989793094,2.6919441520292384,2.525577803696052
brysewilson,Bryse Wilson,Bryse Wilson,2022,PIT,0,25,,batting,0.0,,,,,,,24,0.0,0.022905165244314296,0.022905165244314296
byronbuxton,Byron Buxton,Byron Buxton,2022,MIN,382,92,,batting,3.41053040938544,134.627628825878,0.355919563489435,0.302941177,0.089005235,0.303664921,0.2436548219999999,28,3.075377270703244,2.5425256645902268,2.7798635246121175
calebferguson,Caleb Ferguson,Caleb Ferguson,2022,LAD,0,37,p,batting,0.0,,,,,,,25,0.0,0.03311924693897539,0.03311924693897539
calebthielbar,Caleb Thielbar,Caleb Thielbar,2022,MIN,0,67,p,batting,0.0,,,,,,,35,0.0,-0.04071504715167773,-0.04071504715167773
calquantrill,Cal Quantrill,Cal Quantrill,2022,CLE,0,32,,batting,0.0,,,,,,,27,0.0,0.005986815650057764,0.005986815650057764
carledwardsjr,Carl Edwards Jr.,Carl Edwards Jr.,2022,WSN,0,57,,batting,0.0,,,,,,,30,0.0,0.015922643977893225,0.015922643977893225
carloscarrasco,Carlos Carrasco,Carlos Carrasco,2022,NYM,0,29,p,batting,0.0,,,,,,,35,0.0,-0.03630816516846247,-0.03630816516846247
carloscorrea,Carlos Correa,Carlos Correa,2022,MIN,590,136,ss,batting,4.57484823562591,139.16724655125,0.362349808114727,0.176245211,0.10338983,0.205084745,0.339425587,27,2.8451493956107137,3.436371150720799,4.186371150720799
carlosestevez,Carlos Estévez,Carlos Estevez,2022,COL,0,62,p,batting,0.0,,,,,,,29,0.0,-0.027437117577938097,-0.027437117577938097
carloshernandez,Carlos Hernández,Carlos Hernandez,2022,KCR,0,27,c,batting,0.0,,,,,,,25,0.0,0.009608113901096282,0.009608113901096282
carlosrodon,Carlos Rodón,Carlos Rodon,2022,SFG,0,31,p,batting,0.0,,,,,,,29,0.0,-0.02609287885468481,-0.02609287885468481
carlossantana,Carlos Santana,Carlos Santana,2022,- - -,506,131,1b,batting,0.8688622012056,101.949611512938,0.307997841683645,0.174013921,0.140316205,0.173913043,0.208588957,36,1.5808391743953154,0.716940673403446,0.716940673403446
carsonkelly,Carson Kelly,Carson Kelly,2022,ARI,354,104,c,batting,0.579223032025654,73.318656105811,0.274538858125439,0.123028392,0.081920903,0.200564971,0.24691358,27,1.4900188793077351,0.7756420666241127,0.7756420666241127
cavanbiggio,Cavan Biggio,Cavan Biggio,2022,TOR,303,97,,batting,1.30801495700993,96.9804761899669,0.301647198121279,0.147859922,0.125412541,0.280528052,0.275449101,27,0.25850982073999335,1.0164948968378267,1.0164948968378267
cedricmullins,Cedric Mullins,Cedric Mullins,2022,BAL,672,156,cf,batting,3.7093580425979296,106.83675514182998,0.315148991891469,0.144736842,0.069940476,0.1875,0.299363057,27,1.7655804986593833,2.6267193065941408,2.8640571666160315
chadgreen,Chad Green,Chad Green,2022,NYY,0,14,p,batting,0.0,,,,,,,31,0.0,-0.02152415767772342,-0.02152415767772342
chadwicktromp,Chadwick Tromp,Chadwick Tromp,2022,ATL,4,1,,batting,0.194898748376848,468.411956177009,0.851701200008392,0.5,0.0,0.0,0.75,27,0.02958081213689347,0.7140825755227286,0.7140825755227286
charliemorton,Charlie Morton,Charlie Morton,2022,ATL,0,31,p,batting,0.0,,,,,,,38,0.0,-0.04406765725924611,-0.04406765725924611
chrisbassitt,Chris Bassitt,Chris Bassitt,2022,NYM,0,30,p,batting,0.0,,,,,,,33,0.0,-0.029234733619534103,-0.029234733619534103
chrisdevenski,Chris Devenski,Chris Devenski,2022,- - -,0,13,p,batting,0.0,,,,,,,31,0.0,-0.03355736791069497,-0.03355736791069497
chrisflexen,Chris Flexen,Chris Flexen,2022,SEA,0,33,p,batting,0.0,,,,,,,27,0.0,0.009716026171108672,0.009716026171108672
chrismartin,Chris Martin,Chris Martin,2022,- - -,0,60,p,batting,0.0,,,,,,,36,0.0,-0.031781972829754035,-0.031781972829754035
chrispaddack,Chris Paddack,Chris Paddack,2022,MIN,0,5,p,batting,0.0,,,,,,,26,0.0,0.017167398380867227,0.017167398380867227
chrissale,Chris Sale,Chris Sale,2022,BOS,0,2,,batting,0.0,,,,,,,33,0.0,-0.009951593957371108,-0.009951593957371108
chrisstratton,Chris Stratton,Chris Stratton,2022,- - -,0,60,p,batting,0.0,,,,,,,31,0.0,-0.04102102375576144,-0.04102102375576144
christaylor,Chris Taylor,Chris Taylor,2022,LAD,454,118,If,batting,1.65253388751408,92.6682964389092,0.297932881565221,0.151741294,0.096916299,0.352422907,0.336170212,31,0.10236639565803196,1.0828104282029423,1.0828104282029423
christianvazquez,Christian Vázquez,Christian Vazquez,2022,- - -,426,119,c,batting,1.90076812111809,99.2368936996854,0.312280520446983,0.125628141,0.051643192,0.16197183,0.309597523,31,0.614008398197492,0.9021735557379128,0.9021735557379128
christianwalker,Christian Walker,Christian Walker,2022,ARI,667,160,1b,batting,3.94661057653863,122.274044791675,0.346134689696749,0.234991423,0.1034482749999999,0.196401799,0.24822695,31,2.6837069672233405,1.4805842875045991,1.7179221475264899
christianyelich,Christian Yelich,Christian Yelich,2022,MIL,671,154,,batting,2.21342208526798,110.887171079485,0.327623913252264,0.130434782,0.13114754,0.2414306999999999,0.326683291,30,3.0782988045458666,1.8132586483719257,1.8132586483719257
cionelperez,Cionel Pérez,Cionel Perez,2022,BAL,0,66,,batting,0.0,,,,,,,26,0.0,0.005972035643850404,0.005972035643850404
clarkeschmidt,Clarke Schmidt,Clarke Schmidt,2022,NYY,0,29,,batting,0.0,,,,,,,26,0.0,0.023199433375829415,0.023199433375829415
clayholmes,Clay Holmes,Clay Holmes,2022,NYY,0,62,p,batting,0.0,,,,,,,29,0.0,-0.01074969777631829,-0.01074969777631829
claytonkershaw,Clayton Kershaw,Clayton Kershaw,2022,LAD,0,22,p,batting,0.0,,,,,,,34,0.0,-0.029358701573817148,-0.029358701573817148
codybellinger,Cody Bellinger,Cody Bellinger,2022,LAD,550,144,cf,batting,1.45196863715334,83.1713373617011,0.284043855233626,0.178571428,0.069090909,0.272727272,0.255131964,26,3.7850368909574765,1.9473249521082232,1.9473249521082232
colesulser,Cole Sulser,Cole Sulser,2022,MIA,0,39,,batting,0.0,,,,,,,32,0.0,-0.03383688478605262,-0.03383688478605262
connorbrogdon,Connor Brogdon,Connor Brogdon,2022,PHI,0,47,,batting,0.0,,,,,,,27,0.0,0.009411021688851995,0.009411021688851995
connorjoe,Connor Joe,Connor Joe,2022,COL,467,111,,batting,0.319315876477185,88.5760736855035,0.313729383322616,0.121287129,0.117773019,0.207708779,0.295681063,29,0.39709513929726636,0.8440580894353307,0.8440580894353307
corbinburnes,Corbin Burnes,Corbin Burnes,2022,MIL,0,33,p,batting,0.0,,,,,,,27,0.0,0.014766499779973574,0.014766499779973574
coreyseager,Corey Seager,Corey Seager,2022,TEX,663,151,ss,batting,4.33406415550525,116.573343402264,0.331273304889115,0.210792581,0.087481146,0.155354449,0.242424242,28,5.010528128264034,2.8193548836104947,3.5693548836104947
craigkimbrel,Craig Kimbrel,Craig Kimbrel,2022,LAD,0,63,p,batting,0.0,,,,,,,34,0.0,-0.025052491400502586,-0.025052491400502586
cristianjavier,Cristian Javier,Cristian Javier,2022,HOU,0,30,,batting,0.0,,,,,,,25,0.0,0.030654907664874553,0.030654907664874553
danedunning,Dane Dunning,Dane Dunning,2022,TEX,0,29,,batting,0.0,,,,,,,27,0.0,0.012910087997222486,0.012910087997222486
dannycoulombe,Danny Coulombe,Danny Coulombe,2022,MIN,0,10,,batting,0.0,,,,,,,32,0.0,-0.040756928174821905,-0.040756928174821905
dannyjansen,Danny Jansen,Danny Jansen,2022,TOR,248,72,c,batting,2.6611608360063,140.647713369536,0.363500647940616,0.255813953,0.100806451,0.177419354,0.254658385,27,1.2561930832359132,1.526017504876171,1.526017504876171
dansbyswanson,Dansby Swanson,Dansby Swanson,2022,ATL,696,162,ss,batting,6.64053367692986,116.771149894453,0.337436751987057,0.1703125,0.070402298,0.261494252,0.347826086,28,4.1283347510965,3.096585237315635,3.846585237315635
daultonvarsho,Daulton Varsho,Daulton Varsho,2022,ARI,592,151,,batting,4.29763670004654,106.311188255678,0.322789476460229,0.207156309,0.077702702,0.244932432,0.269230769,25,2.4211335944798233,2.509133024106278,3.259133024106278
davidbednar,David Bednar,David Bednar,2022,PIT,0,45,,batting,0.0,,,,,,,27,0.0,0.006401421519318773,0.006401421519318773
davidpeterson,David Peterson,David Peterson,2022,NYM,0,28,,batting,0.0,,,,,,,26,0.0,0.021204302871756342,0.021204302871756342
davidrobertson,David Robertson,David Robertson,2022,- - -,1,58,p,batting,-0.008829838656972,-100.0,0.0,0.0,0.0,1.0,0.0,37,0.0,-0.03980952403728977,-0.03980952403728977
deankremer,Dean Kremer,Dean Kremer,2022,BAL,0,22,,batting,0.0,,,,,,,26,0.0,0.012191674286993082,0.012191674286993082
dennissantana,Dennis Santana,Dennis Santana,2022,TEX,0,63,,batting,0.0,,,,,,,26,0.0,0.009286481483998688,0.009286481483998688
derekhill,Derek Hill,Derek Hill,2022,DET,92,31,,batting,0.130405944761861,59.8093651114948,0.249216721298989,0.060240964,0.054347826,0.304347826,0.327272727,26,0.23873082189569297,0.5331174412174511,0.5331174412174511
devinwilliams,Devin Williams,Devin Williams,2022,MIL,0,65,p,batting,0.0,,,,,,,27,0.0,0.009642199544269703,0.009642199544269703
djlemahieu,DJ LeMahieu,DJ LeMahieu,2022,NYY,541,125,2b,batting,3.05913350683112,115.273780024557,0.329465877347522,0.115631691,0.1238447309999999,0.131238447,0.284974093,33,0.35305182444863026,1.6572293876361002,1.894567247657991
dominicsmith,Dominic Smith,Dominic Smith,2022,NYM,152,58,1b,batting,-0.238721387075568,64.5068387251229,0.254076652620968,0.089552239,0.078947368,0.243421052,0.262626262,27,0.17216049836309524,0.34074383748485604,0.34074383748485604
donovansolano,Donovan Solano,Donovan Solano,2022,CIN,304,80,2b,batting,0.53219245641106,98.7612289212726,0.318868945730795,0.100719425,0.0625,0.200657894,0.348837209,34,0.6166505629170338,0.556440616541296,0.556440616541296
drewrasmussen,Drew Rasmussen,Drew Rasmussen,2022,TBR,0,28,,batting,0.0,,,,,,,26,0.0,0.025391256183766253,0.025391256183766253
dylancarlson,Dylan Carlson,Dylan Carlson,2022,STL,488,128,,batting,1.87226786261822,98.2064819279434,0.306371572693271,0.143518518,0.092213114,0.19262295,0.281437125,23,-0.45785639219593177,1.8811765218569485,1.8811765218569485
dylancease,Dylan Cease,Dylan Cease,2022,CHW,0,32,p,batting,0.0,,,,,,,26,0.0,0.015233396443297242,0.015233396443297242
dylanmoore,Dylan Moore,Dylan Moore,2022,SEA,255,104,3b,batting,1.96952500231334,127.475476671136,0.33775888899883,0.16097561,0.133333333,0.294117647,0.32,29,0.942271795555209,1.1697548272173266,1.1697548272173266
eddierosario,Eddie Rosario,Eddie Rosario,2022,ATL,270,80,If,batting,-1.25574383320971,62.66326600124392,0.258305546089455,0.116,0.062962962,0.251851851,0.266666666,30,-0.25486742815157554,0.45075124903322294,0.45075124903322294
edmundososa,Edmundo Sosa,Edmundo Sosa,2022,- - -,190,78,,batting,1.25716373921338,81.0936905074509,0.281689895208551,0.142045454,0.026315789,0.263157894,0.304,26,1.5077124795650967,0.997468278759067,0.997468278759067
eduardorodriguez,Eduardo Rodriguez,Eduardo Rodriguez,2022,DET,0,17,p,batting,0.0,,,,,,,29,0.0,-0.034507617585550876,-0.034507617585550876
eliasdiaz,Elias Díaz,Elias Diaz,2022,COL,381,105,c,batting,-1.1646676041593,68.407067017446,0.28423279789802,0.13960114,0.065616797,0.215223097,0.269961977,31,0.2639788601357174,0.23238740894408166,0.23238740894408166
eliwhite,Eli White,Eli White,2022,TEX,117,47,,batting,0.610180301316305,66.4776650818424,0.260314143621005,0.104761904,0.094017094,0.35042735,0.29032258,28,0.2783538513740287,0.6565271389837941,0.6565271389837941
emiliopagan,Emilio Pagán,Emilio Pagan,2022,MIN,0,59,p,batting,0.0,,,,,,,31,0.0,-0.03582423111488153,-0.03582423111488153
emmanuelclase,Emmanuel Clase,Emmanuel Clase,2022,CLE,0,77,,batting,0.0,,,,,,,24,0.0,0.033352002814972526,0.033352002814972526
enriquehernandez,Enrique Hernández,Enrique Hernandez,2022,BOS,402,93,2b,batting,0.269468130832832,74.4536584265645,0.279795845201359,0.11634349,0.084577114,0.176616915,0.256944444,30,-0.22612201647067934,0.8990926696309971,0.8990926696309971
enyeldelossantos,Enyel De Los Santos,Enyel De Los Santos,2022,CLE,0,50,,batting,0.0,,,,,,,26,0.0,0.01835327589966429,0.01835327589966429
erasmoramirez,Erasmo Ramírez,Erasmo Ramirez,2022,WSN,0,60,p,batting,0.0,,,,,,,32,0.0,-0.03236456435786006,-0.03236456435786006
erichaase,Eric Haase,Eric Haase,2022,DET,351,110,,batting,1.17975217326445,111.41135105207,0.322309526205063,0.188854489,0.068376068,0.276353276,0.316279069,29,-0.17738353319754865,0.7147696091383821,0.7147696091383821
erikswanson,Erik Swanson,Erik Swanson,2022,SEA,0,57,,batting,0.0,,,,,,,28,0.0,0.016352407482435605,0.016352407482435605
eugeniosuarez,Eugenio Suárez,Eugenio Suarez,2022,SEA,629,150,3b,batting,4.33086175069989,132.024777557863,0.344202849557934,0.222836095,0.116057233,0.311605723,0.302180685,30,3.7095657730740634,1.829412187409204,2.579412187409204
evanphillips,Evan Phillips,Evan Phillips,2022,LAD,1,64,,batting,0.0480817526646838,359.894855387951,0.688743948936462,0.0,1.0,0.0,0.0,27,0.0,0.08529358555658173,0.08529358555658173
frambervaldez,Framber Valdez,Framber Valdez,2022,HOU,0,31,p,batting,0.0,,,,,,,28,0.0,0.009675837455221492,0.009675837455221492
franciscolindor,Francisco Lindor,Francisco Lindor,2022,NYM,706,161,,batting,6.35223140571386,124.497569766782,0.341811351308768,0.17936508,0.083569405,0.188385269,0.30125523,28,6.503082441312486,3.6886473010615126,4.438647301061513
frankiemontas,Frankie Montas,Frankie Montas,2022,- - -,0,27,p,batting,0.0,,,,,,,29,0.0,-0.02646927208347183,-0.02646927208347183
freddiefreeman,Freddie Freeman,Freddie Freeman,2022,LAD,708,159,1b,batting,6.79307723278083,157.361820443103,0.3925452781305919,0.18627451,0.118644067,0.144067796,0.358870967,32,5.180434942324356,3.3278693877886023,4.077869387788603
freddyperalta,Freddy Peralta,Freddy Peralta,2022,MIL,0,18,,batting,0.0,,,,,,,26,0.0,0.006305954216057508,0.006305954216057508
gabespeier,Gabe Speier,Gabe Speier,2022,KCR,0,17,,batting,0.0,,,,,,,27,0.0,0.0003172352378502108,0.0003172352378502108
garrettcleavinger,Garrett Cleavinger,Garrett Cleavinger,2022,- - -,0,17,,batting,0.0,,,,,,,28,0.0,0.010600776573731263,0.010600776573731263
garretthampson,Garrett Hampson,Garrett Hampson,2022,COL,226,90,2b,batting,-0.202336099609497,56.4297024167435,0.266716250656966,0.095477387,0.092920353,0.278761061,0.2941176469999999,27,0.28246706585406595,0.47153349412736595,0.47153349412736595
garrettstubbs,Garrett Stubbs,Garrett Stubbs,2022,PHI,121,50,,batting,0.678958550453074,129.153780202355,0.354658215244611,0.198113207,0.115702479,0.247933884,0.323943661,29,-0.009379475834290834,0.5015004183506926,0.5015004183506926
garysanchez,Gary Sánchez,Gary Sanchez,2022,MIN,471,128,c,batting,1.38178878376315,88.2184895034502,0.290182284109152,0.171837709,0.08492569,0.288747346,0.257352941,29,0.6262673111701721,0.9007905552657997,0.9007905552657997
genesiscabrera,Génesis Cabrera,Genesis Cabrera,2022,STL,0,39,,batting,0.0,,,,,,,25,0.0,0.020195197810246257,0.020195197810246257
georgespringer,George Springer,George Springer,2022,TOR,583,133,cf,batting,4.01951980065349,132.599316806844,0.352100313844153,0.204678362,0.092624356,0.171526586,0.284987277,32,2.7069612806178305,2.294198483219124,3.044198483219124
germanmarquez,Germán Márquez,German Marquez,2022,COL,0,31,p,batting,0.0,,,,,,,27,0.0,-0.0014765673678663882,-0.0014765673678663882
giancarlostanton,Giancarlo Stanton,Giancarlo Stanton,2022,NYY,452,110,,batting,1.12114535385124,113.464102903421,0.326902519090138,0.251256281,0.110619469,0.303097345,0.227467811,32,0.7329950681037033,1.0004461007746823,1.0004461007746823
giourshela,Gio Urshela,Gio Urshela,2022,MIN,551,144,ss,batting,2.57050053282906,118.021819719323,0.332397888049836,0.143712575,0.074410163,0.174228675,0.325814536,30,0.2757581760660417,1.0885026269823568,1.0885026269823568
gleybertorres,Gleyber Torres,Gleyber Torres,2022,NYY,572,140,2b,batting,2.64706178472138,114.410944981721,0.328243695055454,0.19391635,0.068181818,0.2255244749999999,0.295212765,25,2.68116324426119,1.9809672648916459,1.9809672648916459
gregorysoto,Gregory Soto,Gregory Soto,2022,DET,0,64,p,batting,0.0,,,,,,,27,0.0,0.006704667703379963,0.006704667703379963
harrisonbader,Harrison Bader,Harrison Bader,2022,- - -,313,86,cf,batting,1.44118814747035,84.3213455828234,0.286270300801189,0.106164383,0.047923322,0.198083067,0.299559471,28,1.7706920990005333,1.2981298659967797,1.2981298659967797
hectorneris,Héctor Neris,Hector Neris,2022,HOU,0,70,p,batting,0.0,,,,,,,33,0.0,-0.026659248537972968,-0.026659248537972968
hobymilner,Hoby Milner,Hoby Milner,2022,MIL,0,67,p,batting,0.0,,,,,,,31,0.0,-0.031500822640588066,-0.031500822640588066
hunterharvey,Hunter Harvey,Hunter Harvey,2022,WSN,0,38,p,batting,0.0,,,,,,,27,0.0,0.011656399143480711,0.011656399143480711
hunterrenfroe,Hunter Renfroe,Hunter Renfroe,2022,MIL,522,125,,batting,2.410019316393,123.826867141145,0.346547842255447,0.23628692,0.074712643,0.231800766,0.281345565,30,-0.1321676789744113,1.141154486263982,1.141154486263982
iangibaut,Ian Gibaut,Ian Gibaut,2022,- - -,0,34,,batting,0.0,,,,,,,28,0.0,0.009413012002561616,0.009413012002561616
ianhamilton,Ian Hamilton,Ian Hamilton,2022,MIN,0,1,,batting,0.0,,,,,,,27,0.0,0.08975161185604652,0.08975161185604652
ianhapp,Ian Happ,Ian Happ,2022,CHC,641,158,,batting,3.72280599845178,121.66690452791302,0.339096021989077,0.169284467,0.090483619,0.232449297,0.335766423,27,3.2057611097804197,1.8807883603462663,2.1181262203681572
ildemarovargas,Ildemaro Vargas,Ildemaro Vargas,2022,- - -,222,63,,batting,1.43732081065739,94.1341847883774,0.301636277550486,0.129186603,0.036036036,0.103603603,0.278688524,30,0.2474917418825603,0.7881413252886114,0.7881413252886114
isaacparedes,Isaac Paredes,Isaac Paredes,2022,TBR,381,111,,batting,2.36152901883829,114.795460351025,0.323077353905505,0.229607251,0.115485564,0.175853018,0.195121951,23,3.352007449811103,1.583663855897493,1.583663855897493
isiahkinerfalefa,Isiah Kiner-Falefa,Isiah Kiner-Falefa,2022,NYY,531,142,2b,batting,1.49911031108843,84.0025220280084,0.285170993764138,0.066252588,0.06591337,0.13559322,0.296116504,27,1.1148006758979796,1.17780336740174,1.17780336740174
jackflaherty,Jack Flaherty,Jack Flaherty,2022,STL,0,9,p,batting,0.0,,,,,,,26,0.0,0.021515428629909628,0.021515428629909628
jacobbarnes,Jacob Barnes,Jacob Barnes,2022,- - -,0,23,p,batting,0.0,,,,,,,32,0.0,-0.030943015483395397,-0.030943015483395397
jacobdegrom,Jacob deGrom,Jacob deGrom,2022,NYM,0,11,p,batting,0.0,,,,,,,34,0.0,-0.02571380780139898,-0.02571380780139898
jacobstallings,Jacob Stallings,Jacob Stallings,2022,MIA,384,114,c,batting,-0.21765635294246,66.0537554825968,0.265366789566319,0.069364162,0.075520833,0.216145833,0.279693486,32,-0.3173542670388163,0.4046864528627482,0.4046864528627482
jakecronenworth,Jake Cronenworth,Jake Cronenworth,2022,SDP,684,158,,batting,3.63888415519957,108.58351913842,0.318297445774078,0.151618399,0.102339181,0.191520467,0.275167785,28,1.9122372789578044,2.0367025946841375,2.2740404547060282
jakefraley,Jake Fraley,Jake Fraley,2022,CIN,247,68,,batting,0.793949678420397,121.246743942834,0.35175335722241,0.208333333,0.105263157,0.218623481,0.289473684,27,0.8139994075929305,1.0492404978982723,1.0492404978982723
jakewoodford,Jake Woodford,Jake Woodford,2022,STL,0,27,,batting,0.0,,,,,,,25,0.0,0.022955266215992975,0.022955266215992975
jakobjunis,Jakob Junis,Jakob Junis,2022,SFG,0,23,p,batting,0.0,,,,,,,29,0.0,-0.023646673023005604,-0.023646673023005604
jalenbeeks,Jalen Beeks,Jalen Beeks,2022,TBR,0,42,p,batting,0.0,,,,,,,28,0.0,0.006183363044880652,0.006183363044880652
jamesmccann,James McCann,James McCann,2022,NYM,191,61,c,batting,0.125710331310134,56.66502334047741,0.242608225782504,0.086206897,0.0575916229999999,0.2408376959999999,0.244094488,32,0.38320877306618967,0.41077978748745675,0.41077978748745675
jamesontaillon,Jameson Taillon,Jameson Taillon,2022,NYY,0,32,p,batting,0.0,,,,,,,30,0.0,-0.03028723852217452,-0.03028723852217452
jasonadam,Jason Adam,Jason Adam,2022,TBR,0,67,,batting,0.0,,,,,,,30,0.0,-0.015993370845013732,-0.015993370845013732
jasonheyward,Jason Heyward,Jason Heyward,2022,CHC,151,48,rf,batting,-0.26632452997249,63.13816460368539,0.25349944277315,0.0729927,0.072847682,0.211920529,0.259615384,32,0.8443849575621366,0.33889156633126605,0.33889156633126605
javierbaez,Javier Báez,Javier Baez,2022,DET,590,144,ss,batting,1.96345128460567,89.3957118906541,0.291124974122881,0.154954955,0.044067796,0.249152542,0.291878172,29,0.45585754009109564,1.9266541459692148,1.9266541459692148
jazzchisholmjr,Jazz Chisholm Jr.,Jazz Chisholm Jr.,2022,MIA,241,60,,batting,2.52401619584108,134.273077855919,0.365135563661655,0.2816901409999999,0.087136929,0.273858921,0.294117647,24,3.43854808544106,2.2675907571488034,2.2675907571488034
jddavis,J.D. Davis,J.D. Davis,2022,- - -,365,115,,batting,1.1791321924485,118.100005601644,0.333338124411447,0.169811321,0.106849315,0.334246575,0.360215053,29,0.5167625152560824,0.8247115058351425,0.8247115058351425
jeffhoffman,Jeff Hoffman,Jeff Hoffman,2022,CIN,0,35,p,batting,0.0,,,,,,,29,0.0,-0.02812238967315761,-0.02812238967315761
jeffmcneil,Jeff McNeil,Jeff McNeil,2022,NYM,589,148,,batting,5.50558202077624,140.459964079111,0.365155888556623,0.127579738,0.067911714,0.103565365,0.352564102,30,1.9229387792973833,2.336464001273658,3.086464001273658
jeffreysprings,Jeffrey Springs,Jeffrey Springs,2022,TBR,0,33,,batting,0.0,,,,,,,29,0.0,-0.0005575207167453078,-0.0005575207167453078
jeimercandelario,Jeimer Candelario,Jeimer Candelario,2022,DET,467,124,3b,batting,0.0218620748786016,79.5591007999727,0.2771916829465279,0.144522145,0.059957173,0.23340471,0.257234726,28,0.7478410729254757,0.8993296139343027,0.8993296139343027
jessechavez,Jesse Chavez,Jesse Chavez,2022,- - -,0,60,p,batting,0.0,,,,,,,38,0.0,-0.05261684111757514,-0.05261684111757514
jessewinker,Jesse Winker,Jesse Winker,2022,SEA,547,136,dh,batting,0.757525298142321,109.779231537185,0.31269264068359,0.125,0.153564899,0.188299817,0.251461988,28,0.1714025565406103,1.1950887818654883,1.1950887818654883
jesusluzardo,Jesús Luzardo,Jesus Luzardo,2022,MIA,0,18,,batting,0.0,,,,,,,24,0.0,0.032742856017244804,0.032742856017244804
jesussanchez,Jesús Sánchez,Jesus Sanchez,2022,MIA,343,98,,batting,0.505831546480149,88.2821432002554,0.297875159857224,0.188498403,0.075801749,0.268221574,0.258373205,24,1.34521862303379,1.0177237908460866,1.0177237908460866
jimmyherget,Jimmy Herget,Jimmy Herget,2022,LAA,0,49,,batting,0.0,,,,,,,28,0.0,0.005698102220661472,0.005698102220661472
joadell,Jo Adell,Jo Adell,2022,LAA,285,88,,batting,-0.218804602356087,77.2043705168775,0.278027402263292,0.149253731,0.038596491,0.375438596,0.337662337,23,0.5154266979518627,0.9057773741778216,0.9057773741778216
jocpederson,Joc Pederson,Joc Pederson,2022,SFG,433,134,If,batting,2.3617593934344,144.407168783591,0.373204231678053,0.247368421,0.09699769,0.230946882,0.310344827,30,0.9830399682410107,0.9070328720454993,0.9070328720454993
joelpayamps,Joel Payamps,Joel Payamps,2022,- - -,0,41,,batting,0.0,,,,,,,28,0.0,0.010244064211775705,0.010244064211775705
joemantiply,Joe Mantiply,Joe Mantiply,2022,ARI,0,69,,batting,0.0,,,,,,,31,0.0,-0.032766990534724316,-0.032766990534724316
joeybart,Joey Bart,Joey Bart,2022,SFG,291,97,,batting,0.363976780029267,90.4026802445772,0.294224238477622,0.149425288,0.089347079,0.384879725,0.326086956,25,0.8727228973193292,0.893571381590552,0.893571381590552
johnbrebbia,John Brebbia,John Brebbia,2022,SFG,0,76,p,batting,0.0,,,,,,,32,0.0,-0.04130982856851195,-0.04130982856851195
johnking,John King,John King,2022,TEX,0,39,,batting,0.0,,,,,,,27,0.0,0.010207132155873544,0.010207132155873544
johnschreiber,John Schreiber,John Schreiber,2022,BOS,0,64,,batting,0.0,,,,,,,28,0.0,0.00959510367126748,0.00959510367126748
jojoromero,JoJo Romero,JoJo Romero,2022,- - -,0,17,,batting,0.0,,,,,,,25,0.0,0.015304552702004814,0.015304552702004814
jonahheim,Jonah Heim,Jonah Heim,2022,TEX,450,127,,batting,2.73987662973615,98.5009491290188,0.3056742515828869,0.172413793,0.091111111,0.193333333,0.249180327,27,1.1647501799463702,1.3504426409411054,1.3504426409411054
jonathanloaisiga,Jonathan Loáisiga,Jonathan Loaisiga,2022,NYY,0,50,p,batting,0.0,,,,,,,27,0.0,0.01728473244213158,0.01728473244213158
jonberti,Jon Berti,Jon Berti,2022,MIA,404,102,,batting,2.16398455898002,88.4212787773501,0.298078641590506,0.097765363,0.103960396,0.220297029,0.308270676,32,0.678131321764747,1.1624750804256947,1.1624750804256947
jongray,Jon Gray,Jon Gray,2022,TEX,0,24,p,batting,0.0,,,,,,,30,0.0,-0.044043974709548794,-0.044043974709548794
jordanhicks,Jordan Hicks,Jordan Hicks,2022,STL,0,35,p,batting,0.0,,,,,,,25,0.0,0.03117445157938581,0.03117445157938581
jordanromano,Jordan Romano,Jordan Romano,2022,TOR,0,63,p,batting,0.0,,,,,,,29,0.0,-0.011732179374352891,-0.011732179374352891
jordanweems,Jordan Weems,Jordan Weems,2022,WSN,0,32,,batting,0.0,,,,,,,29,0.0,-0.013115655312471053,-0.013115655312471053
jorgealcala,Jorge Alcala,Jorge Alcala,2022,MIN,0,2,,batting,0.0,,,,,,,26,0.0,0.054365517790866846,0.054365517790866846
jorgelopez,Jorge López,Jorge Lopez,2022,- - -,0,67,p,batting,0.0,,,,,,,29,0.0,-0.030145316053290072,-0.030145316053290072
jorgemateo,Jorge Mateo,Jorge Mateo,2022,BAL,533,150,ss,batting,2.75973195787284,82.8324835023091,0.281147596172311,0.157894737,0.05065666,0.275797373,0.285714285,27,0.2862901525900056,1.535173615067949,1.535173615067949
jorgepolanco,Jorge Polanco,Jorge Polanco,2022,MIN,445,104,3b,batting,1.72718074352669,118.145736111619,0.332573412237941,0.170666667,0.143820224,0.213483146,0.268656716,28,1.4317194119728747,1.852989712159034,1.852989712159034
jorgesoler,Jorge Soler,Jorge Soler,2022,MIA,306,72,rf,batting,0.383363545185076,93.0497872885786,0.304847700619384,0.192592593,0.101307189,0.294117647,0.25595238,30,0.8655551413725967,0.8079774050806623,0.8079774050806623
josealtuve,Jose Altuve,Jose Altuve,2022,HOU,604,141,,batting,6.85767410780647,164.413543598613,0.396886723976199,0.233396585,0.1092715229999999,0.144039735,0.314769975,32,3.3510180279389132,3.16839137042316,3.91839137042316
josealvarado,José Alvarado,Jose Alvarado,2022,PHI,1,59,,batting,-0.0092146104526271,-100.0,0.0,0.0,0.0,1.0,0.0,27,0.0,0.004481520303096342,0.004481520303096342
joseberrios,José Berríos,Jose Berrios,2022,TOR,0,32,,batting,0.0,,,,,,,28,0.0,-0.007076681459322942,-0.007076681459322942
joseleclerc,José Leclerc,Jose Leclerc,2022,TEX,0,39,p,batting,0.0,,,,,,,28,0.0,-0.004299624507569266,-0.004299624507569266
josequijada,José Quijada,Jose Quijada,2022,LAA,0,42,,batting,0.0,,,,,,,26,0.0,0.01749627564752798,0.01749627564752798
josequintana,Jose Quintana,Jose Quintana,2022,- - -,0,32,p,batting,0.0,,,,,,,33,0.0,-0.041765871971855884,-0.041765871971855884
joseramirez,José Ramírez,Jose Ramirez,2022,CLE,685,157,,batting,5.97507804629377,140.000212615326,0.362730881863071,0.2346089849999999,0.100729927,0.119708029,0.278557114,29,5.788474011562291,3.6220813393996285,4.372081339399628
joseruiz,José Ruiz,Jose Ruiz,2022,CHW,0,63,,batting,0.0,,,,,,,27,0.0,0.006970216164094323,0.006970216164094323
josesuarez,José Suarez,Jose Suarez,2022,LAA,0,22,,batting,0.0,,,,,,,24,0.0,0.028125176758941106,0.028125176758941106
josetrevino,Jose Trevino,Jose Trevino,2022,NYY,353,115,,batting,3.8214664535107903,89.5713614770278,0.293059102874302,0.140298507,0.042492917,0.175637393,0.273764258,29,0.901534222487634,1.1517555572965537,1.3890934173184444
joseurena,José Ureña,Jose Urena,2022,- - -,0,21,p,batting,0.0,,,,,,,30,0.0,-0.044878479553355444,-0.044878479553355444
joshbell,Josh Bell,Josh Bell,2022,- - -,647,156,1b,batting,2.10964063457805,123.726859307909,0.343535323534161,0.155797102,0.125193199,0.157650695,0.296127562,29,0.13568501204893232,1.21063621317872,1.21063621317872
joshhader,Josh Hader,Josh Hader,2022,- - -,0,56,p,batting,0.0,,,,,,,28,0.0,-0.0025808205094095538,-0.0025808205094095538
joshnaylor,Josh Naylor,Josh Naylor,2022,CLE,498,122,1b,batting,1.85816044080876,117.890357163514,0.331412874976633,0.195991091,0.07630522,0.16064257,0.268361581,25,2.6895708623568537,1.78493920251841,1.78493920251841
joshrojas,Josh Rojas,Josh Rojas,2022,ARI,510,125,,batting,2.53329420045818,108.500482683694,0.325991255862575,0.121896163,0.107843137,0.192156862,0.322580645,28,0.5263066339717447,1.6745199776188722,1.6745199776188722
jpcrawford,J.P. Crawford,J.P. Crawford,2022,SEA,603,145,,batting,2.2219075993526,104.8667960667,0.305734309896257,0.092664092,0.112769485,0.132669983,0.274599542,27,3.1125405242551403,1.6857240393104567,1.6857240393104567
jtrealmuto,J.T. Realmuto,J.T. Realmuto,2022,PHI,562,139,c,batting,6.65213615947592,128.702025224843,0.353997536734039,0.202380953,0.072953736,0.211743772,0.317934782,31,2.0233964921746366,3.0247072154094448,3.7747072154094448
juansoto,Juan Soto,Juan Soto,2022,- - -,664,153,rf,batting,3.66741068403806,145.722581073139,0.375850190673608,0.209923664,0.203313253,0.144578313,0.249376558,23,6.758957634520713,3.9880383072053966,4.225376167227288
julianmerryweather,Julian Merryweather,Julian Merryweather,2022,TOR,0,26,,batting,0.0,,,,,,,30,0.0,-0.02351530181873085,-0.02351530181873085
juricksonprofar,Jurickson Profar,Jurickson Profar,2022,SDP,658,152,If,batting,2.53164158151334,109.904328841418,0.320229091535088,0.147826087,0.110942249,0.156534954,0.27173913,29,1.33212450496004,1.3920404821605334,1.3920404821605334
justintopa,Justin Topa,Justin Topa,2022,MIL,0,7,,batting,0.0,,,,,,,31,0.0,-0.030465386449931797,-0.030465386449931797
justinturner,Justin Turner,Justin Turner,2022,LAD,532,128,1b,batting,2.29602757554376,123.326722120511,0.34276993710218,0.160256411,0.093984962,0.167293233,0.312834224,37,0.6817850458180926,1.486749153239177,1.486749153239177
justinverlander,Justin Verlander,Justin Verlander,2022,HOU,0,28,p,batting,0.0,,,,,,,39,0.0,-0.03798376954063154,-0.03798376954063154
kebryanhayes,Ke'Bryan Hayes,Ke'Bryan Hayes,2022,PIT,560,136,,batting,3.11132286997345,85.993861530985,0.294476742297411,0.100990099,0.085714285,0.217857142,0.306878306,25,1.5672770915509922,2.079890989759015,2.3172288497809057
keeganakin,Keegan Akin,Keegan Akin,2022,BAL,0,45,,batting,0.0,,,,,,,27,0.0,0.005950108508739227,0.005950108508739227
keibertruiz,Keibert Ruiz,Keibert Ruiz,2022,WSN,433,112,,batting,1.54146801672063,91.9628850989249,0.298864944389573,0.1091370559999999,0.069284064,0.115473441,0.27138643,23,-0.6230377244303383,1.7024420170250238,1.7024420170250238
kenleyjansen,Kenley Jansen,Kenley Jansen,2022,ATL,0,65,p,batting,0.0,,,,,,,34,0.0,-0.025394768484411023,-0.025394768484411023
ketelmarte,Ketel Marte,Ketel Marte,2022,ARI,558,137,,batting,1.80500984620361,102.412178369797,0.31708728794579,0.166666667,0.098566308,0.181003584,0.276041666,28,5.083473829922777,2.214036316746105,2.214036316746105
kevingausman,Kevin Gausman,Kevin Gausman,2022,TOR,0,31,p,batting,0.0,,,,,,,31,0.0,-0.040994720510359905,-0.040994720510359905
kevinginkel,Kevin Ginkel,Kevin Ginkel,2022,ARI,0,30,,batting,0.0,,,,,,,28,0.0,0.009619874544501195,0.009619874544501195
kevinnewman,Kevin Newman,Kevin Newman,2022,PIT,309,78,ss,batting,1.2252143962293,91.5369663238132,0.302583371777488,0.097222222,0.051779935,0.155339805,0.322175732,28,0.26087070410117374,1.0788185723909693,1.0788185723909693
kevinpillar,Kevin Pillar,Kevin Pillar,2022,LAD,13,4,cf,batting,-0.0160319681276368,-8.47278304096177,0.150016995576712,0.083333333,0.076923076,0.307692307,0.125,33,0.2056748570333844,0.22632170295033815,0.22632170295033815
kirbyyates,Kirby Yates,Kirby Yates,2022,ATL,0,9,p,batting,0.0,,,,,,,35,0.0,-0.03379370904333545,-0.03379370904333545
kolbyallard,Kolby Allard,Kolby Allard,2022,TEX,0,10,,batting,0.0,,,,,,,24,0.0,0.022433964048661048,0.022433964048661048
krisbryant,Kris Bryant,Kris Bryant,2022,COL,181,42,3b,batting,0.629670428028624,126.901476982431,0.3697791705474009,0.16875,0.093922651,0.14917127,0.338461538,30,-0.814083035862331,0.9842562383180491,0.9842562383180491
krisbubic,Kris Bubic,Kris Bubic,2022,KCR,0,28,,batting,0.0,,,,,,,24,0.0,0.021106985047758875,0.021106985047758875
kylefarmer,Kyle Farmer,Kyle Farmer,2022,CIN,583,145,2b,batting,1.53734433747396,91.9556849610865,0.308916035699762,0.131178707,0.056603773,0.16981132,0.286396181,31,0.28858062312434307,1.0021009977182023,1.0021009977182023
kylefinnegan,Kyle Finnegan,Kyle Finnegan,2022,WSN,0,66,p,batting,0.0,,,,,,,30,0.0,-0.02988746310574686,-0.02988746310574686
kylefreeland,Kyle Freeland,Kyle Freeland,2022,COL,0,31,,batting,0.0,,,,,,,29,0.0,-0.041614576232524625,-0.041614576232524625
kylegibson,Kyle Gibson,Kyle Gibson,2022,PHI,0,31,p,batting,0.0,,,,,,,34,0.0,-0.031474027113682745,-0.031474027113682745
kylehendricks,Kyle Hendricks,Kyle Hendricks,2022,CHC,0,16,p,batting,0.0,,,,,,,32,0.0,-0.04612090939087676,-0.04612090939087676
kylehigashioka,Kyle Higashioka,Kyle Higashioka,2022,NYY,248,83,c,batting,1.60013261376073,82.0458916143255,0.282399480178104,0.1615720529999999,0.048387096,0.209677419,0.245614035,32,1.3025331791356323,0.7052459453623173,0.7052459453623173
kylenelson,Kyle Nelson,Kyle Nelson,2022,ARI,0,43,,batting,-0.0113421992254964,,,,,,,25,0.0,0.0157561077327536,0.0157561077327536
kyleschwarber,Kyle Schwarber,Kyle Schwarber,2022,PHI,669,155,If,batting,2.22943923480022,129.099343980047,0.354578603853335,0.285961872,0.128550074,0.298953662,0.24024024,29,3.0495661917196557,1.5114469119343537,1.5114469119343537
kyletucker,Kyle Tucker,Kyle Tucker,2022,HOU,609,150,rf,batting,4.86588111206998,129.642292717812,0.3476341959844,0.220588235,0.096880131,0.155993431,0.26128266,25,4.540114550650717,3.586291769645633,4.336291769645634
lamontewadejr,LaMonte Wade Jr.,LaMonte Wade Jr.,2022,SFG,251,77,,batting,0.102562066290379,92.8355324559897,0.297782214051748,0.152073733,0.103585657,0.20318725,0.232704402,28,0.5394056310378433,0.500284560710261,0.500284560710261
lanethomas,Lane Thomas,Lane Thomas,2022,WSN,548,146,rf,batting,1.36888716877109,98.021128136637,0.307724948564585,0.162650602,0.074817518,0.240875912,0.290960451,26,1.2640052954037007,1.3979843171315895,1.3979843171315895
leodytaveras,Leody Taveras,Leody Taveras,2022,TEX,341,99,,batting,1.21352962317725,92.5065000368069,0.297183278027703,0.105095542,0.061583577,0.258064516,0.34375,23,0.9797788499538278,1.3185636911621872,1.3185636911621872
loganwebb,Logan Webb,Logan Webb,2022,SFG,0,32,,batting,0.0,,,,,,,25,0.0,0.0253057200241541,0.0253057200241541
lourdesgurrieljr,Lourdes Gurriel Jr.,Lourdes Gurriel Jr.,2022,TOR,493,121,If,batting,1.5292651982991,114.644917700787,0.32666839747225,0.10816777,0.062880324,0.168356997,0.3460490460000001,28,1.629622588141381,1.3021871250484285,1.3021871250484285
lucassims,Lucas Sims,Lucas Sims,2022,CIN,0,6,p,batting,0.0,,,,,,,28,0.0,-0.0003187441621974596,-0.0003187441621974596
luisarraez,Luis Arraez,Luis Arraez,2022,MIN,603,144,2b,batting,2.72831055784436,130.10277018638,0.34951022470652,0.104204753,0.082918739,0.071310116,0.330661322,25,1.7929305358463152,1.8702467204397522,1.8702467204397522
luiscampusano,Luis Campusano,Luis Campusano,2022,SDP,50,16,,batting,-0.055999832055561,66.8166470524767,0.25721461057663,0.083333333,0.02,0.22,0.297297297,23,0.0720177270775727,0.6752491781357657,0.6752491781357657
luiscastillo,Luis Castillo,Luis Castillo,2022,- - -,0,25,2b,batting,0.0,,,,,,,29,0.00044830428226373334,0.012206352229157225,0.012206352229157225
luisgarcia,Luis García,Luis Garcia,2022,SDP,0,64,p,batting,0.0,,,,,,,35,0.0,-0.025863336600042253,-0.025863336600042253
luisgarciajr,Luis García Jr.,Luis Garcia Jr.,2022,WSN,377,93,,batting,0.200399040958935,94.64686313794432,0.302790184179942,0.133333333,0.029177718,0.222811671,0.336996336,22,1.4142894832152768,1.0452227982611375,1.0452227982611375
luisguillorme,Luis Guillorme,Luis Guillorme,2022,NYM,335,102,,batting,1.76864938657057,103.705946855502,0.311404207743794,0.067340068,0.1014925369999999,0.137313432,0.317269076,27,-0.08966441891094318,0.972381378395575,0.972381378395575
luisrengifo,Luis Rengifo,Luis Rengifo,2022,LAA,511,127,2b,batting,1.66524517670576,102.382314731416,0.313691273156334,0.165644172,0.033268101,0.154598825,0.284987277,25,1.066899287866011,1.5559606128186447,1.5559606128186447
luisrobertjr,Luis Robert Jr.,Luis Robert Jr.,2022,CHW,401,98,,batting,2.14440809384283,111.074634966438,0.324228770583868,0.142105263,0.042394014,0.19201995,0.328767123,24,2.2548231604223843,2.332375662959915,2.332375662959915
luisseverino,Luis Severino,Luis Severino,2022,NYY,0,19,p,batting,0.0,,,,,,,28,0.0,0.005793381785559881,0.005793381785559881
luistorrens,Luis Torrens,Luis Torrens,2022,SEA,166,57,,batting,-0.462319262704522,73.4119295592348,0.261179349867694,0.072847683,0.072289156,0.301204819,0.31,26,0.7701593519863356,0.4408968972489036,0.4408968972489036
luisurias,Luis Urías,Luis Urias,2022,MIL,472,119,,batting,2.3810509959376,110.310779482376,0.326780957311897,0.16502463,0.105932203,0.209745762,0.273648648,25,0.10982238189380696,1.694876484143074,1.694876484143074
lukemaile,Luke Maile,Luke Maile,2022,CLE,206,76,c,batting,0.692658694086287,82.49019577952922,0.281269512419562,0.104972375,0.092233009,0.262135922,0.291338582,31,0.026178851036971002,0.31471537980323244,0.31471537980323244
lukeweaver,Luke Weaver,Luke Weaver,2022,- - -,0,27,p,batting,-0.0113421992254964,,,,,,,28,0.0,0.07766327347484792,0.07766327347484792
mannymachado,Manny Machado,Manny Machado,2022,SDP,644,150,ss,batting,7.12919389865884,151.891971006233,0.381634796549469,0.233564014,0.097826086,0.206521739,0.337349397,29,3.5605188004117996,3.4407568724173023,4.190756872417302
manuelmargot,Manuel Margot,Manuel Margot,2022,TBR,363,89,rf,batting,1.33706819368836,104.316279505297,0.308233880206366,0.101190477,0.066115702,0.187327823,0.332075471,27,0.04478113347812666,1.4052314850918717,1.4052314850918717
marcellozuna,Marcell Ozuna,Marcell Ozuna,2022,ATL,507,124,dh,batting,-0.33028943041663,89.6651005571018,0.29779494349538,0.187234043,0.061143984,0.240631163,0.252279635,31,3.04449044240987,0.5772683658655311,0.5772683658655311
marcussemien,Marcus Semien,Marcus Semien,2022,TEX,724,161,ss,batting,4.36647652975248,106.623200790309,0.317179199411066,0.1811263319999999,0.073204419,0.165745856,0.262955854,31,4.2880890526652,2.9961875111562994,3.7461875111562994
marcusstroman,Marcus Stroman,Marcus Stroman,2022,CHC,0,25,p,batting,0.0,,,,,,,31,0.0,-0.05069214945460765,-0.05069214945460765
markcanha,Mark Canha,Mark Canha,2022,NYM,542,140,If,batting,2.51800521818032,125.558770339448,0.343363326270126,0.136363636,0.088560885,0.178966789,0.308988764,33,0.641558921018536,1.223947438201039,1.223947438201039
markleiterjr,Mark Leiter Jr.,Mark Leiter Jr.,2022,CHC,0,35,,batting,0.0,,,,,,,31,0.0,0.04702411203321899,0.04702411203321899
martinmaldonado,Martín Maldonado,Martin Maldonado,2022,HOU,379,113,c,batting,0.756548216308001,70.8130780198766,0.264304218769074,0.165697675,0.0580474929999999,0.306068601,0.227906976,35,-1.054251538724835,0.4407878708590749,0.4407878708590749
martinperez,Martín Pérez,Martin Perez,2022,TEX,0,32,p,batting,0.0,,,,,,,31,0.0,-0.04418895105526599,-0.04418895105526599
mattchapman,Matt Chapman,Matt Chapman,2022,TOR,621,155,3b,batting,3.86456739447638,117.515154865034,0.330734010088828,0.204460966,0.109500805,0.273752012,0.277456647,29,4.03050335030207,1.9163877028287328,2.1537255628506236
mattfesta,Matt Festa,Matt Festa,2022,SEA,0,53,,batting,0.0,,,,,,,29,0.0,-0.0009512155530857491,-0.0009512155530857491
matthewboyd,Matthew Boyd,Matthew Boyd,2022,SEA,0,10,,batting,0.0,,,,,,,31,0.0,0.024938406847292538,0.024938406847292538
mattolson,Matt Olson,Matt Olson,2022,ATL,699,162,,batting,3.12941201401873,121.09590735587798,0.343761583943388,0.237012987,0.107296137,0.243204577,0.274038461,28,4.639088300093433,2.441235416347719,2.6785732763696095
mattstrahm,Matt Strahm,Matt Strahm,2022,BOS,0,50,p,batting,0.0,,,,,,,30,0.0,-0.03589674080351135,-0.03589674080351135
mattthaiss,Matt Thaiss,Matt Thaiss,2022,LAA,81,29,,batting,-0.177631668593092,83.0016669123731,0.286239114403725,0.101449275,0.135802469,0.296296296,0.295454545,27,0.32199239096897664,0.5624086394362843,0.5624086394362843
mauriciodubon,Mauricio Dubón,Mauricio Dubon,2022,- - -,265,104,,batting,0.190470263656029,59.0793046075407,0.247990516078381,0.098765432,0.049056603,0.113207547,0.220657276,27,1.7006932941627066,0.6317489240246823,0.6317489240246823
maxfried,Max Fried,Max Fried,2022,ATL,0,30,p,batting,0.0,,,,,,,28,0.0,0.008116436534566396,0.008116436534566396
maxkepler,Max Kepler,Max Kepler,2022,MIN,446,115,If,batting,1.6302996482327,93.7975407080707,0.298084857892454,0.121134021,0.10986547,0.147982062,0.2492113559999999,29,1.4129759273798153,1.1665550846315131,1.1665550846315131
maxmuncy,Max Muncy,Max Muncy,2022,LAD,565,136,,batting,2.03899367175479,106.33406307781,0.317918667662228,0.1875,0.159292035,0.249557522,0.2272727269999999,31,2.585144546470003,1.725028186813686,1.725028186813686
maxscherzer,Max Scherzer,Max Scherzer,2022,NYM,0,23,p,batting,0.0,,,,,,,37,0.0,-0.059744563169606524,-0.059744563169606524
merrillkelly,Merrill Kelly,Merrill Kelly,2022,ARI,0,33,p,batting,0.0,,,,,,,33,0.0,-0.05370141813640639,-0.05370141813640639
michaelataylor,Michael A. Taylor,Michael A. Taylor,2022,KCR,456,124,cf,batting,1.80465487673194,88.1280356803977,0.297297106177796,0.103864734,0.076754385,0.239035087,0.321070234,31,0.7506770542882735,0.823712821537412,0.823712821537412
michaelking,Michael King,Michael King,2022,NYY,0,34,p,batting,0.0,,,,,,,27,0.0,0.10619671259369479,0.10619671259369479
michaelkopech,Michael Kopech,Michael Kopech,2022,CHW,0,25,p,batting,0.0,,,,,,,26,0.0,0.016642762872871586,0.016642762872871586
michaellorenzen,Michael Lorenzen,Michael Lorenzen,2022,LAA,0,18,p,batting,0.0,,,,,,,30,0.0,-0.03460083154575233,-0.03460083154575233
michaelwacha,Michael Wacha,Michael Wacha,2022,BOS,0,23,p,batting,0.0,,,,,,,30,0.0,-0.03802346610030538,-0.03802346610030538
mickeymoniak,Mickey Moniak,Mickey Moniak,2022,- - -,112,37,,batting,-0.473863354805168,39.22755550600031,0.223417328821646,0.132075472,0.035714285,0.392857142,0.254237288,24,0.8627997071634909,0.7978743953620471,0.7978743953620471
miguelandujar,Miguel Andujar,Miguel Andujar,2022,- - -,140,36,If,batting,-0.260922947503253,56.1278863607307,0.2474061880792889,0.075757576,0.035714285,0.192857142,0.280373831,27,0.6016624408456349,0.7598113087230617,0.7598113087230617
miguelcastro,Miguel Castro,Miguel Castro,2022,NYY,0,34,p,batting,0.0,,,,,,,27,0.0,0.00887045737908243,0.00887045737908243
miguelrojas,Miguel Rojas,Miguel Rojas,2022,MIA,507,140,ss,batting,1.09279186030004,67.9166920913115,0.268091280153482,0.087048833,0.051282051,0.120315581,0.257985257,33,1.686267993186567,0.759994887021253,0.759994887021253
mikeclevinger,Mike Clevinger,Mike Clevinger,2022,SDP,0,23,p,batting,0.0,,,,,,,31,0.0,-0.026737561221804484,-0.026737561221804484
miketrout,Mike Trout,Mike Trout,2022,LAA,499,119,,batting,6.02759184072984,175.874761709265,0.417791318747759,0.347031964,0.108216432,0.278557114,0.323076923,30,1.8876293548590073,2.766552675162741,3.516552675162741
mikeyastrzemski,Mike Yastrzemski,Mike Yastrzemski,2022,SFG,558,148,rf,batting,1.50073238048822,98.986049291935,0.306777165971924,0.177319588,0.109318996,0.252688172,0.261261261,31,1.9244367553616633,0.9994414343471467,0.9994414343471467
milesmikolas,Miles Mikolas,Miles Mikolas,2022,STL,0,33,p,batting,0.0,,,,,,,33,0.0,-0.03347525350985936,-0.03347525350985936
mitchgarver,Mitch Garver,Mitch Garver,2022,TEX,215,54,c,batting,0.195190476952487,100.328757223372,0.308263291869053,0.196808511,0.106976744,0.246511627,0.228346456,31,0.5976297997915668,0.7163578449589415,0.7163578449589415
mitchkeller,Mitch Keller,Mitch Keller,2022,PIT,0,31,,batting,0.0,,,,,,,26,0.0,0.006773088623717727,0.006773088623717727
mookiebetts,Mookie Betts,Mookie Betts,2022,LAD,639,142,,batting,5.98945044391607,144.266313345214,0.373393480020323,0.263986014,0.086071987,0.162754303,0.272311212,29,5.102440664541083,3.161966282330505,3.911966282330505
mylesstraw,Myles Straw,Myles Straw,2022,CLE,596,152,,batting,1.46789906821612,65.3671586967557,0.257015197666406,0.052336449,0.090604026,0.145973154,0.261061946,27,0.6635713109131128,1.2455005267269805,1.2455005267269805
nabilcrismatt,Nabil Crismatt,Nabil Crismatt,2022,SDP,0,50,,batting,0.0,,,,,,,27,0.0,0.012706022557993135,0.012706022557993135
nathaneovaldi,Nathan Eovaldi,Nathan Eovaldi,2022,BOS,0,20,p,batting,0.0,,,,,,,32,0.0,-0.035447669798260084,-0.035447669798260084
nathaniellowe,Nathaniel Lowe,Nathaniel Lowe,2022,TEX,645,157,,batting,3.08563471265329,142.720314374945,0.368309775741067,0.190556493,0.074418604,0.227906976,0.362768496,26,1.7856202693320204,1.8133680381268547,2.0507058981487454
nestorcortes,Nestor Cortes,Nestor Cortes,2022,NYY,0,28,p,batting,0.0,,,,,,,27,0.0,0.015567479677027651,0.015567479677027651
nickahmed,Nick Ahmed,Nick Ahmed,2022,ARI,54,17,ss,batting,0.346774132012634,92.0376560265554,0.301914850870768,0.211538462,0.037037037,0.277777777,0.264705882,32,0.1778093564831236,0.4581105846330458,0.4581105846330458
nickcastellanos,Nick Castellanos,Nick Castellanos,2022,PHI,558,136,rf,batting,-0.195298057375448,94.6565171414772,0.304206971733374,0.125954199,0.051971326,0.2329749099999999,0.326370757,30,0.32229595299521596,0.7947280163354709,0.7947280163354709
nickmartinez,Nick Martinez,Nick Martinez,2022,SDP,0,47,p,batting,0.0,,,,,,,31,0.0,-0.015829087939284947,-0.015829087939284947
nickmears,Nick Mears,Nick Mears,2022,PIT,0,2,,batting,0.0,,,,,,,25,0.0,0.050747653938426174,0.050747653938426174
nickpivetta,Nick Pivetta,Nick Pivetta,2022,BOS,0,33,p,batting,0.0,,,,,,,29,0.0,-0.027655544617008476,-0.027655544617008476
nickylopez,Nicky Lopez,Nicky Lopez,2022,KCR,480,142,,batting,0.89572361333391,55.1235014782011,0.250547084148894,0.045871559,0.060416666,0.13125,0.264705882,27,0.5956945984206997,1.3355552439822702,1.3355552439822702
nicohoerner,Nico Hoerner,Nico Hoerner,2022,CHC,517,135,,batting,4.2818753903696,108.3265926712,0.319586204041747,0.128898129,0.054158607,0.11025145,0.300480769,25,4.405515158918104,2.3374114080592814,3.0874114080592814
nolanarenado,Nolan Arenado,Nolan Arenado,2022,STL,620,148,,batting,7.21083551303263,149.238733197317,0.381004755365597,0.240574506,0.083870967,0.116129032,0.289760348,31,2.2619654691078033,3.5044174337251484,4.254417433725148
omarnarvaez,Omar Narváez,Omar Narvaez,2022,MIL,296,84,c,batting,1.31608783999106,71.0086844324803,0.269302786815734,0.099236641,0.097972972,0.192567567,0.2475247519999999,30,-0.3197784468104281,0.7420027951128337,0.7420027951128337
orlandoarcia,Orlando Arcia,Orlando Arcia,2022,ATL,234,68,ss,batting,0.662542363652518,105.41065318826202,0.320822356093643,0.172248804,0.089743589,0.217948717,0.278145695,27,0.793766374751646,0.6780262896187629,0.6780262896187629
ozziealbies,Ozzie Albies,Ozzie Albies,2022,ATL,269,64,,batting,1.06265833765857,94.2802275586704,0.304544432455722,0.16194332,0.059479553,0.174721189,0.270408163,25,2.252148378861443,1.9448930877122403,1.9448930877122403
pablolopez,Pablo López,Pablo Lopez,2022,MIA,0,32,,batting,0.0,,,,,,,26,0.0,0.0107113037102744,0.0107113037102744
pabloreyes,Pablo Reyes,Pablo Reyes,2022,MIL,16,6,,batting,-0.0220830370284361,67.3890659067791,0.264009200036526,0.0,0.0625,0.125,0.307692307,28,-0.16486180190025435,0.2506756410686326,0.2506756410686326
patrickcorbin,Patrick Corbin,Patrick Corbin,2022,WSN,0,31,p,batting,0.0,,,,,,,32,0.0,-0.039032671419716114,-0.039032671419716114
paulblackburn,Paul Blackburn,Paul Blackburn,2022,OAK,0,21,p,batting,0.0,,,,,,,28,0.0,-0.004267075802711129,-0.004267075802711129
pauldejong,Paul DeJong,Paul DeJong,2022,STL,237,77,3b,batting,0.0258858252017203,53.2823022365754,0.240671266986348,0.128571428,0.088607594,0.333333333,0.212598425,28,0.815304030949351,0.7459258406515734,0.7459258406515734
paulgoldschmidt,Paul Goldschmidt,Paul Goldschmidt,2022,STL,651,151,1b,batting,6.83098325107413,175.434675878486,0.419315559352622,0.260249554,0.1213517659999999,0.216589861,0.367609254,34,1.7838674273464925,3.191196782745709,3.941196782745709
paulsewald,Paul Sewald,Paul Sewald,2022,SEA,0,65,p,batting,0.0,,,,,,,32,0.0,-0.01900190453519013,-0.01900190453519013
pavinsmith,Pavin Smith,Pavin Smith,2022,ARI,277,75,,batting,-0.0662058579827551,86.6064464285931,0.293971864857535,0.146938775,0.101083032,0.241877256,0.261627906,26,0.306189914248065,0.8360198025063786,0.8360198025063786
petealonso,Pete Alonso,Pete Alonso,2022,NYM,685,160,1b,batting,3.7976845893004,140.853435179138,0.365731328592172,0.246231156,0.097810218,0.186861313,0.278538812,27,2.81588833873613,2.924529884954735,3.1618677449766257
petefairbanks,Pete Fairbanks,Pete Fairbanks,2022,TBR,0,24,p,batting,0.0,,,,,,,28,0.0,0.021418390414432165,0.021418390414432165
philmaton,Phil Maton,Phil Maton,2022,HOU,0,67,p,batting,0.0,,,,,,,29,0.0,-0.010991462396252594,-0.010991462396252594
piercejohnson,Pierce Johnson,Pierce Johnson,2022,SDP,0,15,p,batting,0.0,,,,,,,31,0.0,-0.02662773425772602,-0.02662773425772602
rafaeldevers,Rafael Devers,Rafael Devers,2022,BOS,614,141,,batting,5.02675664509042,140.104772608737,0.372788856871686,0.225225225,0.081433224,0.185667752,0.32853717,25,3.6922744700558567,4.161811863020956,4.911811863020956
rafaelmontero,Rafael Montero,Rafael Montero,2022,HOU,0,71,p,batting,0.0,,,,,,,31,0.0,-0.029100290707338328,-0.029100290707338328
raiseliglesias,Raisel Iglesias,Raisel Iglesias,2022,- - -,0,67,p,batting,0.0,,,,,,,32,0.0,-0.04145779796142601,-0.04145779796142601
ramonlaureano,Ramón Laureano,Ramon Laureano,2022,OAK,383,94,,batting,0.580993171226907,94.2313072814635,0.294061333641371,0.164739885,0.065274151,0.271540469,0.262008733,27,1.6411809081688808,1.3074199788487415,1.3074199788487415
ramonurias,Ramón Urías,Ramon Urias,2022,BAL,445,118,,batting,2.60842254040801,105.438499509102,0.313168400945036,0.166253102,0.06741573,0.220224719,0.286689419,28,0.8768705605814402,1.2744838305335318,1.2744838305335318
randalgrichuk,Randal Grichuk,Randal Grichuk,2022,COL,538,141,rf,batting,0.450126546939154,89.2200176564932,0.314671132644313,0.166007905,0.044609665,0.236059479,0.309392265,30,0.5983686766818966,0.7066603603081776,0.7066603603081776
randyarozarena,Randy Arozarena,Randy Arozarena,2022,TBR,645,153,,batting,2.69875935998915,123.578494166578,0.335518281622956,0.182593857,0.071317829,0.241860465,0.325242718,27,2.65260960298454,1.9650961194182788,1.9650961194182788
rangersuarez,Ranger Suárez,Ranger Suarez,2022,PHI,0,29,p,batting,0.0,,,,,,,26,0.0,0.018211003234075207,0.018211003234075207
reesemcguire,Reese McGuire,Reese McGuire,2022,- - -,274,89,,batting,1.4269427059626,89.2776230858091,0.29667520009623,0.100401606,0.04379562,0.204379562,0.331606217,27,0.4891229439367877,0.7331199504091037,0.7331199504091037
reynaldolopez,Reynaldo López,Reynaldo Lopez,2022,CHW,0,61,p,batting,0.0,,,,,,,28,0.0,-0.00016613680374988338,-0.00016613680374988338
richhill,Rich Hill,Rich Hill,2022,BOS,0,26,p,batting,0.0,,,,,,,42,0.0,-0.04908313273115117,-0.04908313273115117
robbieray,Robbie Ray,Robbie Ray,2022,SEA,0,32,p,batting,0.0,,,,,,,30,0.0,-0.02953594815087357,-0.02953594815087357
robrefsnyder,Rob Refsnyder,Rob Refsnyder,2022,BOS,177,57,2b,batting,1.04829917695893,146.058082883506,0.38122155841461,0.189542484,0.084745762,0.259887005,0.394230769,31,0.9246010304653565,0.5856232630212344,0.5856232630212344
robzastryzny,Rob Zastryzny,Rob Zastryzny,2022,- - -,0,6,,batting,0.0,,,,,,,30,0.0,-0.01090607270582078,-0.01090607270582078
ronaldacunajr,Ronald Acuña Jr.,Ronald Acuna Jr.,2022,ATL,533,119,,batting,2.36743562678458,115.387221854826,0.335412797495188,0.147751606,0.099437148,0.236397748,0.33130699,24,4.534106548413532,3.015518525315897,2.849152176982711
rowdytellez,Rowdy Tellez,Rowdy Tellez,2022,MIL,599,153,1b,batting,1.04639920849454,110.427945099821,0.326952308618416,0.241965974,0.103505843,0.202003338,0.215425531,27,-0.35374651216918734,1.190449263917926,1.190449263917926
ryanborucki,Ryan Borucki,Ryan Borucki,2022,- - -,0,32,p,batting,0.0,,,,,,,28,0.0,0.008750507468969548,0.008750507468969548
ryanbrasier,Ryan Brasier,Ryan Brasier,2022,BOS,0,68,p,batting,0.0,,,,,,,34,0.0,-0.03210862417446836,-0.03210862417446836
ryanhelsley,Ryan Helsley,Ryan Helsley,2022,STL,0,54,p,batting,0.0,,,,,,,27,0.0,0.022986006883678245,0.022986006883678245
ryanjeffers,Ryan Jeffers,Ryan Jeffers,2022,MIN,236,67,,batting,0.766912401968666,86.2613233746844,0.287410011697323,0.155660378,0.097457627,0.262711864,0.258741258,25,1.96006654385938,0.9765556735641524,0.9765556735641524
ryanmcmahon,Ryan McMahon,Ryan McMahon,2022,COL,597,153,,batting,3.05895117691348,96.7432812107448,0.325673686699252,0.168241966,0.100502512,0.264656616,0.310734463,27,1.8727002832914232,1.7562470386100533,1.993584898631944
ryanmountcastle,Ryan Mountcastle,Ryan Mountcastle,2022,BAL,609,145,,batting,1.70675979702767,107.397718029029,0.315943580512938,0.172972973,0.070607553,0.252873563,0.303108808,25,0.888599034477561,1.7170150723976527,1.7170150723976527
ryanohearn,Ryan O'Hearn,Ryan O'Hearn,2022,KCR,145,67,1b,batting,-0.392737030352863,70.0984043584693,0.271758625425141,0.082089552,0.055172413,0.24137931,0.313131313,28,2.0442641862767235,0.30201449054094465,0.30201449054094465
ryanpressly,Ryan Pressly,Ryan Pressly,2022,HOU,0,50,,batting,0.0,,,,,,,33,0.0,-0.02370088771629353,-0.02370088771629353
ryanthompson,Ryan Thompson,Ryan Thompson,2022,TBR,0,47,,batting,0.0,,,,,,,30,0.0,-0.013417559602333595,-0.013417559602333595
ryanyarbrough,Ryan Yarbrough,Ryan Yarbrough,2022,TBR,0,20,p,batting,0.0,,,,,,,30,0.0,-0.023355759877667137,-0.023355759877667137
rynestanek,Ryne Stanek,Ryne Stanek,2022,HOU,0,59,p,batting,0.0,,,,,,,30,0.0,-0.020052561987347395,-0.020052561987347395
salvadorperez,Salvador Perez,Salvador Perez,2022,KCR,473,114,,batting,0.766154610702378,107.073985356805,0.324133526873943,0.211235955,0.038054968,0.230443974,0.284810126,32,1.1800844370843027,0.8378277566776933,0.8378277566776933
samhaggerty,Sam Haggerty,Sam Haggerty,2022,SEA,201,83,,batting,1.41809215965403,114.94587016518598,0.320011043306535,0.147727272,0.089552238,0.263681592,0.333333333,28,0.035196381068366665,1.140183179639489,1.140183179639489
samhilliard,Sam Hilliard,Sam Hilliard,2022,COL,200,70,,batting,-0.712143085585964,45.6973442059311,0.251020489037037,0.080459771,0.115,0.285,0.256410256,28,0.25038639021355186,0.46353576735523716,0.46353576735523716
sammoll,Sam Moll,Sam Moll,2022,OAK,0,53,,batting,0.0,,,,,,,30,0.0,-0.03699254126449414,-0.03699254126449414
santiagoespinal,Santiago Espinal,Santiago Espinal,2022,TOR,491,135,,batting,2.36418003574941,99.6669362667795,0.305452495508643,0.102449888,0.073319755,0.138492871,0.299734748,27,-0.11495777180887023,1.5107732954634985,1.5107732954634985
scottalexander,Scott Alexander,Scott Alexander,2022,SFG,0,17,p,batting,0.0,,,,,,,32,0.0,-0.03578749270492454,-0.03578749270492454
scottbarlow,Scott Barlow,Scott Barlow,2022,KCR,0,69,p,batting,0.0,,,,,,,29,0.0,-0.02083951795554695,-0.02083951795554695
seanmanaea,Sean Manaea,Sean Manaea,2022,SDP,0,30,p,batting,0.0,,,,,,,30,0.0,-0.01504964367324002,-0.01504964367324002
seanmurphy,Sean Murphy,Sean Murphy,2022,OAK,612,148,,batting,5.24336731828589,120.547811802431,0.331337944138031,0.176908752,0.091503267,0.202614379,0.29,27,2.601876815400893,2.632438479337467,3.382438479337467
seannewcomb,Sean Newcomb,Sean Newcomb,2022,- - -,0,20,p,batting,-0.0113421992254964,,,,,,,29,0.0,-0.028273767209574197,-0.028273767209574197
seranthonydominguez,Seranthony Domínguez,Seranthony Dominguez,2022,PHI,0,54,p,batting,0.0,,,,,,,27,0.0,0.013450733819234562,0.013450733819234562
sethbrown,Seth Brown,Seth Brown,2022,OAK,555,150,,batting,1.53568909636866,114.970529626466,0.323437876135543,0.214,0.091891891,0.263063063,0.272727272,29,-0.36345948479984364,1.1073564757904162,1.1073564757904162
sethlugo,Seth Lugo,Seth Lugo,2022,NYM,0,62,p,batting,0.0,,,,,,,32,0.0,-0.022551533066407004,-0.022551533066407004
shanebieber,Shane Bieber,Shane Bieber,2022,CLE,0,31,p,batting,0.0,,,,,,,27,0.0,0.0024645359342835294,0.0024645359342835294
shawnarmstrong,Shawn Armstrong,Shawn Armstrong,2022,- - -,0,50,p,batting,0.0,,,,,,,31,0.0,-0.031014740073474267,-0.031014740073474267
shelbymiller,Shelby Miller,Shelby Miller,2022,SFG,0,4,p,batting,0.0,,,,,,,31,6.491758588263333e-05,-0.03622887389789209,-0.03622887389789209
shoheiohtani,Shohei Ohtani,Shohei Ohtani,2022,LAA,666,157,p,batting,3.60997631862498,141.870015276178,0.369624523388828,0.2457337889999999,0.108108108,0.2417417409999999,0.319796954,27,7.670802321290946,2.752664817135878,2.9900026771577686
sonnygray,Sonny Gray,Sonny Gray,2022,MIN,0,24,p,batting,0.0,,,,,,,32,0.0,-0.044403942377263306,-0.044403942377263306
starlingmarte,Starling Marte,Starling Marte,2022,NYM,505,118,dh,batting,3.51033567514126,133.325670593474,0.354722191909752,0.175965665,0.051485148,0.192079207,0.339943342,33,0.3327673300493833,2.1637680002866047,2.4011058603084954
stevenmatz,Steven Matz,Steven Matz,2022,STL,0,15,p,batting,0.0,,,,,,,31,0.0,-0.029240244769348056,-0.029240244769348056
stevenokert,Steven Okert,Steven Okert,2022,MIA,0,60,,batting,0.0,,,,,,,30,0.0,-0.042411802892200146,-0.042411802892200146
taijuanwalker,Taijuan Walker,Taijuan Walker,2022,NYM,0,29,p,batting,0.0,,,,,,,29,0.0,-0.01748435098555856,-0.01748435098555856
tannerhouck,Tanner Houck,Tanner Houck,2022,BOS,0,32,,batting,0.0,,,,,,,26,0.0,0.017492869754233697,0.017492869754233697
tannerrainey,Tanner Rainey,Tanner Rainey,2022,WSN,0,29,,batting,0.0,,,,,,,29,0.0,-0.01265788862351247,-0.01265788862351247
tannerscott,Tanner Scott,Tanner Scott,2022,MIA,0,67,p,batting,0.0,,,,,,,27,0.0,0.00407674094165833,0.00407674094165833
tarikskubal,Tarik Skubal,Tarik Skubal,2022,DET,0,21,,batting,0.0,,,,,,,25,0.0,0.009891050495013598,0.009891050495013598
taylorrogers,Taylor Rogers,Taylor Rogers,2022,- - -,0,66,p,batting,0.0,,,,,,,31,0.0,-0.03528982011430726,-0.03528982011430726
taylorward,Taylor Ward,Taylor Ward,2022,LAA,564,135,,batting,3.71769707257994,136.440911827715,0.361934346510163,0.191919192,0.106382978,0.212765957,0.324929971,28,2.3943943196651936,1.7869751697044995,2.0243130297263905
teoscarhernandez,Teoscar Hernández,Teoscar Hernandez,2022,TOR,535,131,If,batting,3.03290060381855,129.530462026659,0.347753364794722,0.224448897,0.063551401,0.284112149,0.335403726,29,1.989675669581774,1.7521447278646398,1.9894825878865305
thairoestrada,Thairo Estrada,Thairo Estrada,2022,SFG,541,140,,batting,2.76947248106447,106.302152052681,0.317476753393809,0.139344262,0.060998151,0.164510166,0.289743589,26,1.2106520303940307,1.7340346119583816,1.7340346119583816
timanderson,Tim Anderson,Tim Anderson,2022,CHW,351,79,ss,batting,2.24367033915129,110.061637638682,0.322793887513024,0.0933734939999999,0.039886039,0.156695156,0.346863468,29,-0.48153741846703974,2.0768355382361996,2.0768355382361996
timhill,Tim Hill,Tim Hill,2022,SDP,0,55,p,batting,0.0,,,,,,,32,0.0,-0.020535901215864127,-0.020535901215864127
timmayza,Tim Mayza,Tim Mayza,2022,TOR,0,63,p,batting,0.0,,,,,,,30,0.0,-0.026814554545427804,-0.026814554545427804
tjmcfarland,T.J. McFarland,T.J. McFarland,2022,STL,0,28,p,batting,0.0,,,,,,,33,0.0,-0.032614343537161194,-0.032614343537161194
tomasnido,Tomás Nido,Tomas Nido,2022,NYM,313,98,,batting,1.36333049953177,71.8131271905052,0.264761886921436,0.084507042,0.044728434,0.242811501,0.314009661,28,-0.1094835260973807,0.6729681106762814,0.6729681106762814
tommyedman,Tommy Edman,Tommy Edman,2022,STL,630,153,,batting,5.35374525824258,105.908294299095,0.317635249197958,0.135181976,0.073015873,0.176190476,0.308370044,27,1.4769459366143505,2.769558796951054,3.519558796951054
tommykahnle,Tommy Kahnle,Tommy Kahnle,2022,LAD,0,13,p,batting,0.0,,,,,,,32,0.0,-0.02441603355092614,-0.02441603355092614
tommypham,Tommy Pham,Tommy Pham,2022,- - -,622,144,If,batting,0.672395064679808,89.5497405760638,0.303853794022005,0.137184116,0.090032154,0.268488745,0.304,34,0.6760458056403271,0.9107764175970965,0.9107764175970965
toukitoussaint,Touki Toussaint,Touki Toussaint,2022,LAA,0,8,,batting,0.0,,,,,,,26,0.0,0.012002900589522247,0.012002900589522247
travisdarnaud,Travis d'Arnaud,Travis d'Arnaud,2022,ATL,426,107,c,batting,3.94818197419065,120.77341424100202,0.343289947145981,0.204545455,0.044600938,0.211267605,0.305555555,33,0.7486137524968767,1.2298192989148946,1.4671571589367853
travisjankowski,Travis Jankowski,Travis Jankowski,2022,- - -,64,44,cf,batting,-0.127960672712091,42.4701405427797,0.22163783852011,0.0,0.125,0.15625,0.2,31,0.27572173656313376,0.28854017041943814,0.28854017041943814
treaturner,Trea Turner,Trea Turner,2022,LAD,708,160,ss,batting,6.38185733879466,128.009526566551,0.349618402355952,0.168711656,0.063559322,0.1850282479999999,0.341897233,29,4.888033647739664,3.6233525659036943,4.373352565903694
trentgrisham,Trent Grisham,Trent Grisham,2022,SDP,524,152,cf,batting,1.72806341376467,82.6171182581197,0.280322339992191,0.157427938,0.108778625,0.286259541,0.23076923,25,1.7880012490589434,1.5297272523295986,1.5297272523295986
trentthornton,Trent Thornton,Trent Thornton,2022,TOR,0,32,,batting,0.0,,,,,,,28,0.0,0.0049643631548780265,0.0049643631548780265
trevorrichards,Trevor Richards,Trevor Richards,2022,TOR,0,62,,batting,0.0,,,,,,,29,0.0,-0.020817447430104163,-0.020817447430104163
trevorrogers,Trevor Rogers,Trevor Rogers,2022,MIA,0,23,,batting,0.0,,,,,,,24,-0.0065144792095741,0.02526333496463662,0.02526333496463662
trevorstory,Trevor Story,Trevor Story,2022,BOS,396,94,ss,batting,2.54272412948268,100.047203685014,0.316048403631668,0.196078431,0.08080808,0.308080808,0.30941704,29,1.3400265901203217,2.0025780552843964,2.0025780552843964
trevorwilliams,Trevor Williams,Trevor Williams,2022,NYM,0,30,p,batting,0.0,,,,,,,30,0.0,-0.02036885843957048,-0.02036885843957048
tristonmckenzie,Triston McKenzie,Triston McKenzie,2022,CLE,0,31,,batting,0.0,,,,,,,24,0.0,0.03298279149049921,0.03298279149049921
tuckerbarnhart,Tucker Barnhart,Tucker Barnhart,2022,DET,308,94,c,batting,0.258615528298207,62.55150921505081,0.25310089359066,0.046263345,0.081168831,0.2402597399999999,0.296116504,31,-0.09099246966846423,0.27498725693115894,0.27498725693115894
tyfrance,Ty France,Ty France,2022,SEA,613,140,1b,batting,2.63729292831481,127.019886306543,0.337113557680096,0.161524501,0.057096247,0.153344208,0.29638009,27,0.43780215785495136,1.7506785090957686,1.7506785090957686
tyleralexander,Tyler Alexander,Tyler Alexander,2022,DET,0,27,p,batting,0.0,,,,,,,27,-0.0033256358630743663,-0.0023373423731597454,-0.0023373423731597454
tyleranderson,Tyler Anderson,Tyler Anderson,2022,LAD,1,31,p,batting,-0.0089338112233657,-100.0,0.0,0.0,0.0,1.0,0.0,32,0.0,-0.01236196103908227,-0.01236196103908227
tylerglasnow,Tyler Glasnow,Tyler Glasnow,2022,TBR,0,2,,batting,0.0,,,,,,,28,0.0,0.05199811273691057,0.05199811273691057
tylerheineman,Tyler Heineman,Tyler Heineman,2022,- - -,174,62,,batting,0.675850701389558,54.9398570199443,0.248135014491923,0.050955414,0.045977011,0.097701149,0.2428571419999999,31,0.86166494978059,0.34743264079620845,0.34743264079620845
tylerkinley,Tyler Kinley,Tyler Kinley,2022,COL,0,25,p,batting,0.0,,,,,,,31,0.0,-0.0335995123573839,-0.0335995123573839
tylermahle,Tyler Mahle,Tyler Mahle,2022,- - -,0,23,p,batting,0.0,,,,,,,27,0.0,-0.0013794045395343346,-0.0013794045395343346
tyleroneill,Tyler O'Neill,Tyler O'Neill,2022,STL,383,96,If,batting,1.54103410600215,98.9044626089305,0.307392349131114,0.164670658,0.09921671,0.268929503,0.276785714,27,0.9620303458351795,2.133301336464023,2.133301336464023
tylerrogers,Tyler Rogers,Tyler Rogers,2022,SFG,0,68,p,batting,0.0,,,,,,,31,0.0,-0.02845044521953477,-0.02845044521953477
tylerstephenson,Tyler Stephenson,Tyler Stephenson,2022,CIN,183,50,,batting,1.519265182574,134.049142823304,0.370476493092834,0.162650602,0.06557377,0.256830601,0.408695652,25,1.2051018547996846,1.504893684512774,1.504893684512774
tylerwade,Tyler Wade,Tyler Wade,2022,LAA,163,67,,batting,-0.638709763373782,55.0367648121123,0.246627593719507,0.054421769,0.061349693,0.202453987,0.274336283,27,-0.13491319304522068,0.4878069166258704,0.4878069166258704
tyronetaylor,Tyrone Taylor,Tyrone Taylor,2022,MIL,405,120,,batting,2.07240780793858,101.909252338175,0.31449396831018,0.209115282,0.054320987,0.251851851,0.27237354,28,0.9389743820911377,1.2021218623617973,1.2021218623617973
victorcaratini,Victor Caratini,Victor Caratini,2022,MIL,314,96,c,batting,1.46437489830269,84.3216331852316,0.288772587019664,0.143382353,0.098726114,0.2133757959999999,0.228426395,28,1.296836337040672,0.9508990334199912,0.9508990334199912
victorrobles,Victor Robles,Victor Robles,2022,WSN,407,132,,batting,0.413769767062256,65.4682821707959,0.260117358481041,0.087431694,0.041769041,0.255528255,0.292307692,25,1.069760979264232,0.8920092379294999,0.8920092379294999
vladimirguerrerojr,Vladimir Guerrero Jr.,Vladimir Guerrero Jr.,2022,TOR,706,160,,batting,3.33995981040448,132.173078348965,0.351496558700289,0.205329154,0.082152974,0.164305949,0.289473684,23,3.4821212580033962,3.6561645634605164,3.893502423482407
wademiley,Wade Miley,Wade Miley,2022,CHC,0,9,p,batting,0.0,,,,,,,35,0.0,-0.035114303356774124,-0.035114303356774124
wandyperalta,Wandy Peralta,Wandy Peralta,2022,NYY,0,56,p,batting,0.0,,,,,,,30,0.0,-0.021801579413289307,-0.021801579413289307
williamcontreras,William Contreras,William Contreras,2022,ATL,376,97,,batting,2.03683881532034,139.233765528875,0.37028767379125,0.2275449099999999,0.1037234039999999,0.276595744,0.3443396219999999,24,4.984402763064019,1.7569693123381183,1.7569693123381183
willicastro,Willi Castro,Willi Castro,2022,DET,392,112,2b,batting,0.821846230731447,85.38611951713249,0.285445495944499,0.126027397,0.038265306,0.209183673,0.287769784,25,1.9751384329192225,1.0854045976320588,1.0854045976320588
willsmith,Will Smith,Will Smith,2022,- - -,578,202,p,batting,4.32463421657825,127.40261488084198,0.348730811674005,0.20472441,0.096885813,0.166089965,0.275510204,32,3.5167357594735,1.5786599246417121,2.328659924641712
willsoncontreras,Willson Contreras,Willson Contreras,2022,CHC,487,113,c,batting,3.49676116967528,133.836471172822,0.356893659127566,0.223557692,0.092402464,0.211498973,0.269624573,30,2.7326139456361465,1.5790806367461427,1.8164184967680335
willyadames,Willy Adames,Willy Adames,2022,MIL,617,139,ss,batting,4.4416580235989,108.900931698673,0.324719095948465,0.220248668,0.079416531,0.26904376,0.278378378,26,4.093260251498736,3.03768993432596,3.78768993432596
wilmerflores,Wilmer Flores,Wilmer Flores,2022,SFG,602,151,2b,batting,1.29876158646901,102.882078346778,0.312474995107698,0.165714286,0.098006644,0.171096345,0.246341463,30,0.471479150368517,0.9855663236137429,0.9855663236137429
xanderbogaerts,Xander Bogaerts,Xander Bogaerts,2022,BOS,631,150,ss,batting,5.99605764791118,133.268782731256,0.363105863759173,0.149012567,0.090332805,0.187004754,0.361948955,29,3.2798909352917267,3.1383781255839986,3.8883781255839986
yandydiaz,Yandy Díaz,Yandy Diaz,2022,TBR,558,137,,batting,3.8864414556776303,145.179148064329,0.366115018403787,0.126849894,0.139784946,0.107526881,0.32345679,30,3.2613562804138696,1.473637583574551,1.7109754435964417
yimigarcia,Yimi García,Yimi Garcia,2022,TOR,0,61,p,batting,0.0,,,,,,,31,0.0,-0.034571572106743664,-0.034571572106743664
yoanmoncada,Yoán Moncada,Yoan Moncada,2022,CHW,433,104,3b,batting,0.824043285038604,76.1047195817245,0.274694839743681,0.141057935,0.073903002,0.263279445,0.264705882,27,0.7154722709433754,1.597669335839656,1.597669335839656
yohanramirez,Yohan Ramírez,Yohan Ramirez,2022,- - -,0,30,,batting,0.0,,,,,,,27,0.0,0.010437711986701403,0.010437711986701403
yordanalvarez,Yordan Alvarez,Yordan Alvarez,2022,HOU,561,135,,batting,6.36161162730306,185.369567678414,0.426570360211359,0.306382979,0.139037433,0.188948306,0.320359281,25,3.3494566338265224,3.6203453173899836,4.370345317389983
yudarvish,Yu Darvish,Yu Darvish,2022,SDP,0,30,p,batting,0.0,,,,,,,35,0.0,-0.037627549469575805,-0.037627549469575805
yuligurriel,Yuli Gurriel,Yuli Gurriel,2022,HOU,584,146,1b,batting,-0.698549178982523,85.208873611199,0.284695470373924,0.1174311929999999,0.051369863,0.125,0.265524625,38,-0.27525030828520985,0.7761920772045661,0.7761920772045661
yuseikikuchi,Yusei Kikuchi,Yusei Kikuchi,2022,TOR,0,32,p,batting,0.0,,,,,,,31,0.0,-0.033613059137575396,-0.033613059137575396
zacgallen,Zac Gallen,Zac Gallen,2022,ARI,0,31,p,batting,0.0,,,,,,,26,0.0,0.008089371324505268,0.008089371324505268
zacheflin,Zach Eflin,Zach Eflin,2022,PHI,0,20,p,batting,0.0,,,,,,,28,0.0,-0.004232430625668915,-0.004232430625668915
zachmckinstry,Zach McKinstry,Zach McKinstry,2022,- - -,185,57,,batting,0.869967114400184,81.2824000719383,0.280143019605855,0.162650603,0.086486486,0.281081081,0.256880733,27,1.7627389141533667,0.9041249437764063,0.9041249437764063
zacklittell,Zack Littell,Zack Littell,2022,SFG,0,39,p,batting,0.0,,,,,,,26,0.0,0.02043232540802775,0.02043232540802775
zackwheeler,Zack Wheeler,Zack Wheeler,2022,PHI,0,26,p,batting,0.0,,,,,,,32,0.0,-0.03724678219580435,-0.03724678219580435
